"contrast","estimate","SE","df","t.ratio","p.value","contrast_pretty"
"NR X0 Order1 - PR X0 Order1",-7.25606060575756,2.95717534437066,21,-2.45371334492233,1,"NANA OrderNA - NANA OrderNA"
"NR X0 Order1 - NR X1 Order1",-5.99545454545454,2.1293975751302,21,-2.81556371411193,1,"NANA OrderNA - NANA OrderNA"
"NR X0 Order1 - PR X1 Order1",-5.22121212121211,3.34544608353995,21,-1.56069235337589,1,"NANA OrderNA - NANA OrderNA"
"NR X0 Order1 - NR X2 Order1",-7.05757575757575,2.53704809332128,21,-2.78180605884242,1,"NANA OrderNA - NANA OrderNA"
"NR X0 Order1 - PR X2 Order1",-4.08030303030302,2.54358337424003,21,-1.60415540989378,1,"NANA OrderNA - NANA OrderNA"
"NR X0 Order1 - NR X3 Order1",-8.18333333333333,2.80822476714258,21,-2.91405924094175,1,"NANA OrderNA - NANA OrderNA"
"NR X0 Order1 - PR X3 Order1",-4.18939393909091,2.80375498607376,21,-1.49420828849154,1,"NANA OrderNA - NANA OrderNA"
"NR X0 Order1 - NR X4 Order1",-11.4590909090909,2.90375919336118,21,-3.94629518015462,0.2629535887832,"NANA OrderNA - NANA OrderNA"
"NR X0 Order1 - PR X4 Order1",-8.15454545454545,2.93861824856177,21,-2.77495910145406,1,"NANA OrderNA - NANA OrderNA"
"NR X0 Order1 - NR X5 Order1",-12.3484848481818,2.53008540598553,21,-4.88065929275291,0.0294894944778361,"NANA OrderNA - NANA OrderNA"
"NR X0 Order1 - PR X5 Order1",-7.28939393939392,3.015054727401,21,-2.41766554787463,1,"NANA OrderNA - NANA OrderNA"
"NR X0 Order1 - NR X6 Order1",-11.8545454545454,2.91766658428266,21,-4.06302266283795,0.201752348077869,"NANA OrderNA - NANA OrderNA"
"NR X0 Order1 - PR X6 Order1",-5.60454545454543,2.8539783142125,21,-1.96376595667718,1,"NANA OrderNA - NANA OrderNA"
"NR X0 Order1 - NR X0 Order2",-4.60820707070708,2.32227063804984,21,-1.98435401765958,1,"NANA OrderNA - NANA OrderNA"
"NR X0 Order1 - PR X0 Order2",-18.7637626262626,2.71955931819104,21,-6.89955997677728,0.000306302687227986,"NANA OrderNA - NANA OrderNA"
"NR X0 Order1 - NR X1 Order2",-6.94154040404041,3.03101340266196,21,-2.29017146474643,1,"NANA OrderNA - NANA OrderNA"
"NR X0 Order1 - PR X1 Order2",-15.9318181815404,3.08865169791724,21,-5.15817895306346,0.0154441341447787,"NANA OrderNA - NANA OrderNA"
"NR X0 Order1 - NR X2 Order2",-9.43042929292928,2.87763410070128,21,-3.2771467681145,1,"NANA OrderNA - NANA OrderNA"
"NR X0 Order1 - PR X2 Order2",-11.5554292929293,2.27607514745059,21,-5.07691027067906,0.0186479332109644,"NANA OrderNA - NANA OrderNA"
"NR X0 Order1 - NR X3 Order2",-10.5304292929293,2.66427885805071,21,-3.95245012026773,0.259845343426462,"NANA OrderNA - NANA OrderNA"
"NR X0 Order1 - PR X3 Order2",-10.0748737373737,2.69913472835831,21,-3.73263091742795,0.431383583201682,"NANA OrderNA - NANA OrderNA"
"NR X0 Order1 - NR X4 Order2",-12.3970959595959,2.76686898358141,21,-4.48055041028696,0.0751773799967118,"NANA OrderNA - NANA OrderNA"
"NR X0 Order1 - PR X4 Order2",-8.08598484848486,3.1239045644422,21,-2.58842249552802,1,"NANA OrderNA - NANA OrderNA"
"NR X0 Order1 - NR X5 Order2",-15.4901515151515,2.50027008535278,21,-6.19539129228349,0.00143483361972219,"NANA OrderNA - NANA OrderNA"
"NR X0 Order1 - PR X5 Order2",-11.7332070709848,2.9410904485487,21,-3.98940708429239,0.238559395766831,"NANA OrderNA - NANA OrderNA"
"NR X0 Order1 - NR X6 Order2",-15.845707070707,2.94573054902425,21,-5.37921130497011,0.00923234907893514,"NANA OrderNA - NANA OrderNA"
"NR X0 Order1 - PR X6 Order2",-12.6387626262626,2.65952284587278,21,-4.75226698874809,0.0398856881215613,"NANA OrderNA - NANA OrderNA"
"PR X0 Order1 - NR X1 Order1",1.26060606030302,3.33229695507363,21,0.378299436484396,1,"NANA OrderNA - NANA OrderNA"
"PR X0 Order1 - PR X1 Order1",2.03484848454545,2.59371808954931,21,0.784529549585331,1,"NANA OrderNA - NANA OrderNA"
"PR X0 Order1 - NR X2 Order1",0.198484848181811,3.4123877597026,21,0.0581659712081225,1,"NANA OrderNA - NANA OrderNA"
"PR X0 Order1 - PR X2 Order1",3.17575757545454,2.05200477042635,21,1.54763654608596,1,"NANA OrderNA - NANA OrderNA"
"PR X0 Order1 - NR X3 Order1",-0.927272727575772,2.08970613911538,21,-0.4437335519186,1,"NANA OrderNA - NANA OrderNA"
"PR X0 Order1 - PR X3 Order1",3.06666666666665,1.94829468315045,21,1.57402609224789,1,"NANA OrderNA - NANA OrderNA"
"PR X0 Order1 - NR X4 Order1",-4.20303030333333,2.43830750279336,21,-1.72374907533946,1,"NANA OrderNA - NANA OrderNA"
"PR X0 Order1 - PR X4 Order1",-0.89848484878789,2.67675481220602,21,-0.335661990665261,1,"NANA OrderNA - NANA OrderNA"
"PR X0 Order1 - NR X5 Order1",-5.09242424242425,2.49045982579198,21,-2.04477269204888,1,"NANA OrderNA - NANA OrderNA"
"PR X0 Order1 - PR X5 Order1",-0.0333333336363646,2.7930391011042,21,-0.0119344314310482,1,"NANA OrderNA - NANA OrderNA"
"PR X0 Order1 - NR X6 Order1",-4.59848484878788,2.12353218007472,21,-2.165488657029,1,"NANA OrderNA - NANA OrderNA"
"PR X0 Order1 - PR X6 Order1",1.65151515121213,2.6992881833723,21,0.61183357945458,1,"NANA OrderNA - NANA OrderNA"
"PR X0 Order1 - NR X0 Order2",2.64785353505048,2.75283479849026,21,0.961864306751226,1,"NANA OrderNA - NANA OrderNA"
"PR X0 Order1 - PR X0 Order2",-11.507702020505,3.0953451175257,21,-3.71774441413624,0.445647478153955,"NANA OrderNA - NANA OrderNA"
"PR X0 Order1 - NR X1 Order2",0.31452020171715,3.37226937811126,21,0.0932666304058148,1,"NANA OrderNA - NANA OrderNA"
"PR X0 Order1 - PR X1 Order2",-8.67575757578284,3.42416819424477,21,-2.53368324323693,1,"NANA OrderNA - NANA OrderNA"
"PR X0 Order1 - NR X2 Order2",-2.17436868717172,3.23510997169329,21,-0.672115849599276,1,"NANA OrderNA - NANA OrderNA"
"PR X0 Order1 - PR X2 Order2",-4.29936868717172,2.713978000698,21,-1.58415753040959,1,"NANA OrderNA - NANA OrderNA"
"PR X0 Order1 - NR X3 Order2",-3.27436868717174,3.04689027450719,21,-1.07465920731305,1,"NANA OrderNA - NANA OrderNA"
"PR X0 Order1 - PR X3 Order2",-2.81881313161618,3.0774156029468,21,-0.91596764795662,1,"NANA OrderNA - NANA OrderNA"
"PR X0 Order1 - NR X4 Order2",-5.14103535383839,3.13699258585915,21,-1.63884204795797,1,"NANA OrderNA - NANA OrderNA"
"PR X0 Order1 - PR X4 Order2",-0.829924242727296,3.45600032395445,21,-0.24014009401992,1,"NANA OrderNA - NANA OrderNA"
"PR X0 Order1 - NR X5 Order2",-8.23409090939395,2.90456692316436,21,-2.83487732498977,1,"NANA OrderNA - NANA OrderNA"
"PR X0 Order1 - PR X5 Order2",-4.47714646522729,3.29168217450817,21,-1.36013935364104,1,"NANA OrderNA - NANA OrderNA"
"PR X0 Order1 - NR X6 Order2",-8.58964646494949,3.29582872414287,21,-2.60621749001334,1,"NANA OrderNA - NANA OrderNA"
"PR X0 Order1 - PR X6 Order2",-5.38270202050504,3.04273237060865,21,-1.76903564457373,1,"NANA OrderNA - NANA OrderNA"
"NR X1 Order1 - PR X1 Order1",0.774242424242426,3.2167366932715,21,0.24069188686221,1,"NANA OrderNA - NANA OrderNA"
"NR X1 Order1 - NR X2 Order1",-1.06212121212121,2.42351069704822,21,-0.438257282468302,1,"NANA OrderNA - NANA OrderNA"
"NR X1 Order1 - PR X2 Order1",1.91515151515151,3.0427419724037,21,0.629416339775464,1,"NANA OrderNA - NANA OrderNA"
"NR X1 Order1 - NR X3 Order1",-2.1878787878788,2.58035108047621,21,-0.847899653823471,1,"NANA OrderNA - NANA OrderNA"
"NR X1 Order1 - PR X3 Order1",1.80606060636363,3.12217598140387,21,0.578462142147267,1,"NANA OrderNA - NANA OrderNA"
"NR X1 Order1 - NR X4 Order1",-5.46363636363636,2.6741858958689,21,-2.04310267737057,1,"NANA OrderNA - NANA OrderNA"
"NR X1 Order1 - PR X4 Order1",-2.15909090909091,3.25892554560668,21,-0.662516181752466,1,"NANA OrderNA - NANA OrderNA"
"NR X1 Order1 - NR X5 Order1",-6.35303030272727,2.82894587573496,21,-2.24572352451838,1,"NANA OrderNA - NANA OrderNA"
"NR X1 Order1 - PR X5 Order1",-1.29393939393939,3.06562100756573,21,-0.422080678187565,1,"NANA OrderNA - NANA OrderNA"
"NR X1 Order1 - NR X6 Order1",-5.8590909090909,3.07399232019197,21,-1.90602002178229,1,"NANA OrderNA - NANA OrderNA"
"NR X1 Order1 - PR X6 Order1",0.390909090909103,2.66195660740837,21,0.146850286673037,1,"NANA OrderNA - NANA OrderNA"
"NR X1 Order1 - NR X0 Order2",1.38724747474746,3.08738733396273,21,0.449327319409222,1,"NANA OrderNA - NANA OrderNA"
"NR X1 Order1 - PR X0 Order2",-12.7683080808081,3.39632485471057,21,-3.75944841174392,0.405883136015469,"NANA OrderNA - NANA OrderNA"
"NR X1 Order1 - NR X1 Order2",-0.946085858585874,3.65048789625188,21,-0.259166962190797,1,"NANA OrderNA - NANA OrderNA"
"NR X1 Order1 - PR X1 Order2",-9.93636363608586,3.69848468221948,21,-2.68660397158195,1,"NANA OrderNA - NANA OrderNA"
"NR X1 Order1 - NR X2 Order2",-3.43497474747475,3.52417332875157,21,-0.974689502202088,1,"NANA OrderNA - NANA OrderNA"
"NR X1 Order1 - PR X2 Order2",-5.55997474747474,3.05279178956039,21,-1.82127545235418,1,"NANA OrderNA - NANA OrderNA"
"NR X1 Order1 - NR X3 Order2",-4.53497474747476,3.35222336174383,21,-1.35282594806441,1,"NANA OrderNA - NANA OrderNA"
"NR X1 Order1 - PR X3 Order2",-4.07941919191921,3.37999229516799,21,-1.20693150624962,1,"NANA OrderNA - NANA OrderNA"
"NR X1 Order1 - NR X4 Order2",-6.40164141414141,3.43432433032611,21,-1.86401772180135,1,"NANA OrderNA - NANA OrderNA"
"NR X1 Order1 - PR X4 Order2",-2.09053030303032,3.72797523614466,21,-0.560768291259432,1,"NANA OrderNA - NANA OrderNA"
"NR X1 Order1 - NR X5 Order2",-9.49469696969697,3.22340970608377,21,-2.94554457405056,1,"NANA OrderNA - NANA OrderNA"
"NR X1 Order1 - PR X5 Order2",-5.73775252553031,3.57617570319321,21,-1.60443809301847,1,"NANA OrderNA - NANA OrderNA"
"NR X1 Order1 - NR X6 Order2",-9.85025252525251,3.57999275153174,21,-2.75147275676409,1,"NANA OrderNA - NANA OrderNA"
"NR X1 Order1 - PR X6 Order2",-6.64330808080806,3.3484446241926,21,-1.98399819211881,1,"NANA OrderNA - NANA OrderNA"
"PR X1 Order1 - NR X2 Order1",-1.83636363636364,3.3460350626856,21,-0.548817810321968,1,"NANA OrderNA - NANA OrderNA"
"PR X1 Order1 - PR X2 Order1",1.14090909090909,1.9530527786538,21,0.584167055483003,1,"NANA OrderNA - NANA OrderNA"
"PR X1 Order1 - NR X3 Order1",-2.96212121212122,2.71683223014963,21,-1.09028492052234,1,"NANA OrderNA - NANA OrderNA"
"PR X1 Order1 - PR X3 Order1",1.0318181821212,1.81594529602931,21,0.568198934393754,1,"NANA OrderNA - NANA OrderNA"
"PR X1 Order1 - NR X4 Order1",-6.23787878787878,2.70885617074978,21,-2.30277223842129,1,"NANA OrderNA - NANA OrderNA"
"PR X1 Order1 - PR X4 Order1",-2.93333333333334,2.33210961780493,21,-1.25780251105619,1,"NANA OrderNA - NANA OrderNA"
"PR X1 Order1 - NR X5 Order1",-7.1272727269697,3.11574257379442,21,-2.28750371963173,1,"NANA OrderNA - NANA OrderNA"
"PR X1 Order1 - PR X5 Order1",-2.06818181818181,1.75600249555826,21,-1.17777840487881,1,"NANA OrderNA - NANA OrderNA"
"PR X1 Order1 - NR X6 Order1",-6.63333333333333,3.3031628237603,21,-2.00817631078264,1,"NANA OrderNA - NANA OrderNA"
"PR X1 Order1 - PR X6 Order1",-0.383333333333323,1.83600975984718,21,-0.208786108721573,1,"NANA OrderNA - NANA OrderNA"
"PR X1 Order1 - NR X0 Order2",0.613005050505035,3.14908775847309,21,0.194661151902056,1,"NANA OrderNA - NANA OrderNA"
"PR X1 Order1 - PR X0 Order2",-13.5425505050505,3.45250860670562,21,-3.92252476322508,0.277524331389089,"NANA OrderNA - NANA OrderNA"
"PR X1 Order1 - NR X1 Order2",-1.7203282828283,3.70281717633116,21,-0.464599844092989,1,"NANA OrderNA - NANA OrderNA"
"PR X1 Order1 - PR X1 Order2",-10.7106060603283,3.75014427792634,21,-2.8560517320285,1,"NANA OrderNA - NANA OrderNA"
"PR X1 Order1 - NR X2 Order2",-4.20921717171717,3.5783502919272,21,-1.1763010405139,1,"NANA OrderNA - NANA OrderNA"
"PR X1 Order1 - PR X2 Order2",-6.33421717171717,3.11517750233576,21,-2.03334068988613,1,"NANA OrderNA - NANA OrderNA"
"PR X1 Order1 - NR X3 Order2",-5.30921717171719,3.40913399966511,21,-1.55735068561069,1,"NANA OrderNA - NANA OrderNA"
"PR X1 Order1 - PR X3 Order2",-4.85366161616163,3.43644308494213,21,-1.41240855622766,1,"NANA OrderNA - NANA OrderNA"
"PR X1 Order1 - NR X4 Order2",-7.17588383838384,3.48989638335029,21,-2.05618822169586,1,"NANA OrderNA - NANA OrderNA"
"PR X1 Order1 - PR X4 Order2",-2.86477272727275,3.77923173700151,21,-0.758030448152855,1,"NANA OrderNA - NANA OrderNA"
"PR X1 Order1 - NR X5 Order2",-10.2689393939394,3.28255438552458,21,-3.12833793073571,1,"NANA OrderNA - NANA OrderNA"
"PR X1 Order1 - PR X5 Order2",-6.51199494977274,3.62957653463335,21,-1.79414730275981,1,"NANA OrderNA - NANA OrderNA"
"PR X1 Order1 - NR X6 Order2",-10.6244949494949,3.63333748249063,21,-2.9241695825657,1,"NANA OrderNA - NANA OrderNA"
"PR X1 Order1 - PR X6 Order2",-7.41755050505049,3.40541841216845,21,-2.17816127338292,1,"NANA OrderNA - NANA OrderNA"
"NR X2 Order1 - PR X2 Order1",2.97727272727273,2.89680944918959,21,1.02777651740457,1,"NANA OrderNA - NANA OrderNA"
"NR X2 Order1 - NR X3 Order1",-1.12575757575758,2.18648080834106,21,-0.514871921794605,1,"NANA OrderNA - NANA OrderNA"
"NR X2 Order1 - PR X3 Order1",2.86818181848484,3.36236412593722,21,0.853025344982638,1,"NANA OrderNA - NANA OrderNA"
"NR X2 Order1 - NR X4 Order1",-4.40151515151515,2.35865942888246,21,-1.86610881487057,1,"NANA OrderNA - NANA OrderNA"
"NR X2 Order1 - PR X4 Order1",-1.0969696969697,3.53248926436788,21,-0.3105373052467,1,"NANA OrderNA - NANA OrderNA"
"NR X2 Order1 - NR X5 Order1",-5.29090909060606,2.48281531048986,21,-2.13101194770793,1,"NANA OrderNA - NANA OrderNA"
"NR X2 Order1 - PR X5 Order1",-0.231818181818176,3.23774868787055,21,-0.0715985717750815,1,"NANA OrderNA - NANA OrderNA"
"NR X2 Order1 - NR X6 Order1",-4.79696969696969,3.23825560546389,21,-1.48134374842918,1,"NANA OrderNA - NANA OrderNA"
"NR X2 Order1 - PR X6 Order1",1.45303030303032,2.49437574096959,21,0.582522624464551,1,"NANA OrderNA - NANA OrderNA"
"NR X2 Order1 - NR X0 Order2",2.44936868686867,2.92289388501872,21,0.837994392962025,1,"NANA OrderNA - NANA OrderNA"
"NR X2 Order1 - PR X0 Order2",-11.7061868686869,3.247517610713,21,-3.60465693244285,0.577787414290354,"NANA OrderNA - NANA OrderNA"
"NR X2 Order1 - NR X1 Order2",0.116035353535339,3.51246494556854,21,0.033035305784826,1,"NANA OrderNA - NANA OrderNA"
"NR X2 Order1 - PR X1 Order2",-8.87424242396465,3.56232186330466,21,-2.49113998243052,1,"NANA OrderNA - NANA OrderNA"
"NR X2 Order1 - NR X2 Order2",-2.37285353535353,3.38099774685672,21,-0.701820501820668,1,"NANA OrderNA - NANA OrderNA"
"NR X2 Order1 - PR X2 Order2",-4.49785353535353,2.88632739369144,21,-1.5583310282764,1,"NANA OrderNA - NANA OrderNA"
"NR X2 Order1 - NR X3 Order2",-3.47285353535355,3.20136682999424,21,-1.08480337298922,1,"NANA OrderNA - NANA OrderNA"
"NR X2 Order1 - PR X3 Order2",-3.01729797979799,3.23043279276342,21,-0.934022830178396,1,"NANA OrderNA - NANA OrderNA"
"NR X2 Order1 - NR X4 Order2",-5.3395202020202,3.28723770345806,21,-1.62431825249607,1,"NANA OrderNA - NANA OrderNA"
"NR X2 Order1 - PR X4 Order2",-1.02840909090911,3.59293020729239,21,-0.286231301911124,1,"NANA OrderNA - NANA OrderNA"
"NR X2 Order1 - NR X5 Order2",-8.43257575757576,3.0662221456446,21,-2.75015160579731,1,"NANA OrderNA - NANA OrderNA"
"NR X2 Order1 - PR X5 Order2",-4.6756313134091,3.43516823070949,21,-1.36110693840558,1,"NANA OrderNA - NANA OrderNA"
"NR X2 Order1 - NR X6 Order2",-8.7881313131313,3.43914178454249,21,-2.55532684131556,1,"NANA OrderNA - NANA OrderNA"
"NR X2 Order1 - PR X6 Order2",-5.58118686868685,3.19740981334121,21,-1.74553378969418,1,"NANA OrderNA - NANA OrderNA"
"PR X2 Order1 - NR X3 Order1",-4.10303030303031,2.25588126554292,21,-1.81881483112669,1,"NANA OrderNA - NANA OrderNA"
"PR X2 Order1 - PR X3 Order1",-0.109090908787886,1.41296238980974,21,-0.0772072275770729,1,"NANA OrderNA - NANA OrderNA"
"PR X2 Order1 - NR X4 Order1",-7.37878787878787,2.07745091083728,21,-3.551847044999,0.650902565387638,"NANA OrderNA - NANA OrderNA"
"PR X2 Order1 - PR X4 Order1",-4.07424242424243,2.10848978879228,21,-1.93230360701728,1,"NANA OrderNA - NANA OrderNA"
"PR X2 Order1 - NR X5 Order1",-8.26818181787879,2.40495415840407,21,-3.43797896894865,0.834088439146982,"NANA OrderNA - NANA OrderNA"
"PR X2 Order1 - PR X5 Order1",-3.2090909090909,1.81486546200758,21,-1.76822523557259,1,"NANA OrderNA - NANA OrderNA"
"PR X2 Order1 - NR X6 Order1",-7.77424242424242,2.67748923168435,21,-2.90355693395331,1,"NANA OrderNA - NANA OrderNA"
"PR X2 Order1 - PR X6 Order1",-1.52424242424241,1.9524588681048,21,-0.78067837901341,1,"NANA OrderNA - NANA OrderNA"
"PR X2 Order1 - NR X0 Order2",-0.527904040404053,2.27182897895383,21,-0.232369621698879,1,"NANA OrderNA - NANA OrderNA"
"PR X2 Order1 - PR X0 Order2",-14.6834595959596,2.67661519057665,21,-5.48583137675318,0.00722456698738297,"NANA OrderNA - NANA OrderNA"
"PR X2 Order1 - NR X1 Order2",-2.86123737373739,2.99254210336002,21,-0.956122679284879,1,"NANA OrderNA - NANA OrderNA"
"PR X2 Order1 - PR X1 Order2",-11.8515151512374,3.05090729198922,21,-3.88458711359599,0.30210647458913,"NANA OrderNA - NANA OrderNA"
"PR X2 Order1 - NR X2 Order2",-5.35012626262626,2.83708371585768,21,-1.88578371259265,1,"NANA OrderNA - NANA OrderNA"
"PR X2 Order1 - PR X2 Order2",-7.47512626262625,2.22458626942365,21,-3.36023213186645,0.995159706602355,"NANA OrderNA - NANA OrderNA"
"PR X2 Order1 - NR X3 Order2",-6.45012626262628,2.62042893945285,21,-2.46147726637955,1,"NANA OrderNA - NANA OrderNA"
"PR X2 Order1 - PR X3 Order2",-5.99457070707072,2.65586036438211,21,-2.25711064763202,1,"NANA OrderNA - NANA OrderNA"
"PR X2 Order1 - NR X4 Order2",-8.31679292929293,2.72467061597743,21,-3.05240306131809,1,"NANA OrderNA - NANA OrderNA"
"PR X2 Order1 - PR X4 Order2",-4.00568181818183,3.08659127858043,21,-1.29776878655087,1,"NANA OrderNA - NANA OrderNA"
"PR X2 Order1 - NR X5 Order2",-11.4098484848485,2.45349067513532,21,-4.65045520673078,0.0504058097831493,"NANA OrderNA - NANA OrderNA"
"PR X2 Order1 - PR X5 Order2",-7.65290404068183,2.90142706608496,21,-2.63763446965023,1,"NANA OrderNA - NANA OrderNA"
"PR X2 Order1 - NR X6 Order2",-11.765404040404,2.90613049616164,21,-4.04847753944413,0.208311659214156,"NANA OrderNA - NANA OrderNA"
"PR X2 Order1 - PR X6 Order2",-8.55845959595957,2.61559319485757,21,-3.27209124598812,1,"NANA OrderNA - NANA OrderNA"
"NR X3 Order1 - PR X3 Order1",3.99393939424242,2.44490350832274,21,1.63357751365098,1,"NANA OrderNA - NANA OrderNA"
"NR X3 Order1 - NR X4 Order1",-3.27575757575756,1.64549274601617,21,-1.99074568009391,1,"NANA OrderNA - NANA OrderNA"
"NR X3 Order1 - PR X4 Order1",0.0287878787878828,2.8952048662425,21,0.00994329593858576,1,"NANA OrderNA - NANA OrderNA"
"NR X3 Order1 - NR X5 Order1",-4.16515151484848,1.84216612414071,21,-2.26100754989799,1,"NANA OrderNA - NANA OrderNA"
"NR X3 Order1 - PR X5 Order1",0.893939393939408,3.01645523414451,21,0.296354271669785,1,"NANA OrderNA - NANA OrderNA"
"NR X3 Order1 - NR X6 Order1",-3.67121212121211,2.09294294507476,21,-1.75409087469461,1,"NANA OrderNA - NANA OrderNA"
"NR X3 Order1 - PR X6 Order1",2.5787878787879,2.30638509263925,21,1.11810811083458,1,"NANA OrderNA - NANA OrderNA"
"NR X3 Order1 - NR X0 Order2",3.57512626262626,2.69321776260841,21,1.3274553258418,1,"NANA OrderNA - NANA OrderNA"
"NR X3 Order1 - PR X0 Order2",-10.5804292929293,3.04244702265145,21,-3.47760510344353,0.768795044048559,"NANA OrderNA - NANA OrderNA"
"NR X3 Order1 - NR X1 Order2",1.24179292929292,3.32378146808683,21,0.373608476133571,1,"NANA OrderNA - NANA OrderNA"
"NR X3 Order1 - PR X1 Order2",-7.74848484820706,3.37642567096153,21,-2.2948779577311,1,"NANA OrderNA - NANA OrderNA"
"NR X3 Order1 - NR X2 Order2",-1.24709595959595,3.18453434869211,21,-0.391610145485834,1,"NANA OrderNA - NANA OrderNA"
"NR X3 Order1 - PR X2 Order2",-3.37209595959594,2.65348809632213,21,-1.27081631316524,1,"NANA OrderNA - NANA OrderNA"
"NR X3 Order1 - NR X3 Order2",-2.34709595959596,2.99313595313294,21,-0.784159489026632,1,"NANA OrderNA - NANA OrderNA"
"NR X3 Order1 - PR X3 Order2",-1.89154040404041,3.02420390885121,21,-0.625467217506158,1,"NANA OrderNA - NANA OrderNA"
"NR X3 Order1 - NR X4 Order2",-4.21376262626262,3.08480874168656,21,-1.36597208420734,1,"NANA OrderNA - NANA OrderNA"
"NR X3 Order1 - PR X4 Order2",0.0973484848484763,3.40870367269198,21,0.0285587995308482,1,"NANA OrderNA - NANA OrderNA"
"NR X3 Order1 - NR X5 Order2",-7.30681818181817,2.84812771837764,21,-2.56548122286465,1,"NANA OrderNA - NANA OrderNA"
"NR X3 Order1 - PR X5 Order2",-3.54987373765152,3.24198920834499,21,-1.09496778351822,1,"NANA OrderNA - NANA OrderNA"
"NR X3 Order1 - NR X6 Order2",-7.66237373737372,3.24619923417151,21,-2.3604138823997,1,"NANA OrderNA - NANA OrderNA"
"NR X3 Order1 - PR X6 Order2",-4.45542929292926,2.98890327180393,21,-1.49065690246985,1,"NANA OrderNA - NANA OrderNA"
"PR X3 Order1 - NR X4 Order1",-7.26969696999999,2.53439834423896,21,-2.86841134761827,1,"NANA OrderNA - NANA OrderNA"
"PR X3 Order1 - PR X4 Order1",-3.96515151545454,1.93618600062739,21,-2.04791869901429,1,"NANA OrderNA - NANA OrderNA"
"PR X3 Order1 - NR X5 Order1",-8.1590909090909,2.60918467909509,21,-3.12706531448767,1,"NANA OrderNA - NANA OrderNA"
"PR X3 Order1 - PR X5 Order1",-3.10000000030302,1.78616449362938,21,-1.73556243635993,1,"NANA OrderNA - NANA OrderNA"
"PR X3 Order1 - NR X6 Order1",-7.66515151545453,2.60825943241767,21,-2.9387994998448,1,"NANA OrderNA - NANA OrderNA"
"PR X3 Order1 - PR X6 Order1",-1.41515151545453,2.19241021457177,21,-0.645477523343384,1,"NANA OrderNA - NANA OrderNA"
"PR X3 Order1 - NR X0 Order2",-0.418813131616168,2.73081736790905,21,-0.153365485564071,1,"NANA OrderNA - NANA OrderNA"
"PR X3 Order1 - PR X0 Order2",-14.5743686871717,3.07578046448133,21,-4.73842943456935,0.0411080229423373,"NANA OrderNA - NANA OrderNA"
"PR X3 Order1 - NR X1 Order2",-2.7521464649495,3.35432032275418,21,-0.820478129736209,1,"NANA OrderNA - NANA OrderNA"
"PR X3 Order1 - PR X1 Order2",-11.7424242424495,3.40649260847169,21,-3.44707169281594,0.818852876762392,"NANA OrderNA - NANA OrderNA"
"PR X3 Order1 - NR X2 Order2",-5.24103535383838,3.21639559103729,21,-1.62947473514853,1,"NANA OrderNA - NANA OrderNA"
"PR X3 Order1 - PR X2 Order2",-7.36603535383837,2.69164274326433,21,-2.73663188484855,1,"NANA OrderNA - NANA OrderNA"
"PR X3 Order1 - NR X3 Order2",-6.34103535383839,3.02701245685928,21,-2.09481640535355,1,"NANA OrderNA - NANA OrderNA"
"PR X3 Order1 - PR X3 Order2",-5.88547979828283,3.05773623165164,21,-1.92478335356735,1,"NANA OrderNA - NANA OrderNA"
"PR X3 Order1 - NR X4 Order2",-8.20770202050504,3.11768929703235,21,-2.63262347159409,1,"NANA OrderNA - NANA OrderNA"
"PR X3 Order1 - PR X4 Order2",-3.89659090939395,3.43848837547374,21,-1.13322788501709,1,"NANA OrderNA - NANA OrderNA"
"PR X3 Order1 - NR X5 Order2",-11.3007575760606,2.88370821690324,21,-3.91882837168466,0.279194832347527,"NANA OrderNA - NANA OrderNA"
"PR X3 Order1 - PR X5 Order2",-7.54381313189394,3.27329124996075,21,-2.30465685935658,1,"NANA OrderNA - NANA OrderNA"
"PR X3 Order1 - NR X6 Order2",-11.6563131316161,3.27746106734771,21,-3.55650697051576,0.645638732567601,"NANA OrderNA - NANA OrderNA"
"PR X3 Order1 - PR X6 Order2",-8.44936868717169,3.02282721111289,21,-2.79518745104222,1,"NANA OrderNA - NANA OrderNA"
"NR X4 Order1 - PR X4 Order1",3.30454545454544,2.74262070149544,21,1.20488606125652,1,"NANA OrderNA - NANA OrderNA"
"NR X4 Order1 - NR X5 Order1",-0.889393939090916,2.03041313918974,21,-0.43803594545583,1,"NANA OrderNA - NANA OrderNA"
"NR X4 Order1 - PR X5 Order1",4.16969696969697,2.74860831093783,21,1.51702116052842,1,"NANA OrderNA - NANA OrderNA"
"NR X4 Order1 - NR X6 Order1",-0.395454545454545,2.04588863127696,21,-0.193292312889836,1,"NANA OrderNA - NANA OrderNA"
"NR X4 Order1 - PR X6 Order1",5.85454545454546,2.21943435744904,21,2.63785474659162,1,"NANA OrderNA - NANA OrderNA"
"NR X4 Order1 - NR X0 Order2",6.85088383838382,2.80379331930721,21,2.44343396897621,1,"NANA OrderNA - NANA OrderNA"
"NR X4 Order1 - PR X0 Order2",-7.30467171717171,3.14075133466549,21,-2.32577206496665,1,"NANA OrderNA - NANA OrderNA"
"NR X4 Order1 - NR X1 Order2",4.51755050505048,3.41399447980804,21,1.32324481828234,1,"NANA OrderNA - NANA OrderNA"
"NR X4 Order1 - PR X1 Order2",-4.4727272724495,3.4652684415627,21,-1.29073038579155,1,"NANA OrderNA - NANA OrderNA"
"NR X4 Order1 - NR X2 Order2",2.02866161616161,3.27858110751621,21,0.618762064940491,1,"NANA OrderNA - NANA OrderNA"
"NR X4 Order1 - PR X2 Order2",-0.0963383838383822,2.76565256998879,21,-0.0348338706328441,1,"NANA OrderNA - NANA OrderNA"
"NR X4 Order1 - NR X3 Order2",0.928661616161596,3.09300790404734,21,0.300245471389323,1,"NANA OrderNA - NANA OrderNA"
"NR X4 Order1 - PR X3 Order2",1.38421717171715,3.12308250657475,21,0.44322145470159,1,"NANA OrderNA - NANA OrderNA"
"NR X4 Order1 - NR X4 Order2",-0.938005050505055,3.18180452469163,21,-0.294802852666118,1,"NANA OrderNA - NANA OrderNA"
"NR X4 Order1 - PR X4 Order2",3.37310606060604,3.49672643894059,21,0.964646825969033,1,"NANA OrderNA - NANA OrderNA"
"NR X4 Order1 - NR X5 Order2",-4.03106060606061,2.95290815311844,21,-1.36511547160842,1,"NANA OrderNA - NANA OrderNA"
"NR X4 Order1 - PR X5 Order2",-0.274116161893954,3.33441585402717,21,-0.0822081509608013,1,"NANA OrderNA - NANA OrderNA"
"NR X4 Order1 - NR X6 Order2",-4.38661616161616,3.33850932730434,21,-1.3139445577521,1,"NANA OrderNA - NANA OrderNA"
"NR X4 Order1 - PR X6 Order2",-1.1796717171717,3.08891207850962,21,-0.381905242748407,1,"NANA OrderNA - NANA OrderNA"
"PR X4 Order1 - NR X5 Order1",-4.19393939363636,2.77539799830357,21,-1.51111278317555,1,"NANA OrderNA - NANA OrderNA"
"PR X4 Order1 - PR X5 Order1",0.865151515151525,1.76663555195913,21,0.489717029747367,1,"NANA OrderNA - NANA OrderNA"
"PR X4 Order1 - NR X6 Order1",-3.69999999999999,2.42583718476276,21,-1.52524663371497,1,"NANA OrderNA - NANA OrderNA"
"PR X4 Order1 - PR X6 Order1",2.55000000000002,2.48040315101526,21,1.02805868431358,1,"NANA OrderNA - NANA OrderNA"
"PR X4 Order1 - NR X0 Order2",3.54633838383837,3.18679685030946,21,1.11282223198319,1,"NANA OrderNA - NANA OrderNA"
"PR X4 Order1 - PR X0 Order2",-10.6092171717172,3.48693793090063,21,-3.04255979944471,1,"NANA OrderNA - NANA OrderNA"
"PR X4 Order1 - NR X1 Order2",1.21300505050504,3.73493982493832,21,0.324772314243395,1,"NANA OrderNA - NANA OrderNA"
"PR X4 Order1 - PR X1 Order2",-7.77727272699495,3.78186495790646,21,-2.05646494879083,1,"NANA OrderNA - NANA OrderNA"
"PR X4 Order1 - NR X2 Order2",-1.27588383838383,3.61158016196688,21,-0.353275790973717,1,"NANA OrderNA - NANA OrderNA"
"PR X4 Order1 - PR X2 Order2",-3.40088383838383,3.15329214086423,21,-1.07851847734341,1,"NANA OrderNA - NANA OrderNA"
"PR X4 Order1 - NR X3 Order2",-2.37588383838385,3.44399696315921,21,-0.689862349995927,1,"NANA OrderNA - NANA OrderNA"
"PR X4 Order1 - PR X3 Order2",-1.92032828282829,3.47103176744664,21,-0.553244225776972,1,"NANA OrderNA - NANA OrderNA"
"PR X4 Order1 - NR X4 Order2",-4.2425505050505,3.52396044545036,21,-1.20391547258366,1,"NANA OrderNA - NANA OrderNA"
"PR X4 Order1 - PR X4 Order2",0.0685606060605935,3.81071029816446,21,0.0179915555621265,1,"NANA OrderNA - NANA OrderNA"
"PR X4 Order1 - NR X5 Order2",-7.33560606060606,3.31874731615769,21,-2.21035389614987,1,"NANA OrderNA - NANA OrderNA"
"PR X4 Order1 - PR X5 Order2",-3.5786616164394,3.66234163826072,21,-0.977151224520642,1,"NANA OrderNA - NANA OrderNA"
"PR X4 Order1 - NR X6 Order2",-7.6911616161616,3.66606897319848,21,-2.09793150985138,1,"NANA OrderNA - NANA OrderNA"
"PR X4 Order1 - PR X6 Order2",-4.48421717171715,3.44031902830437,21,-1.30343062222555,1,"NANA OrderNA - NANA OrderNA"
"NR X5 Order1 - PR X5 Order1",5.05909090878788,2.817344250215,21,1.79569497352047,1,"NANA OrderNA - NANA OrderNA"
"NR X5 Order1 - NR X6 Order1",0.493939393636371,2.03582311899969,21,0.242623923967948,1,"NANA OrderNA - NANA OrderNA"
"NR X5 Order1 - PR X6 Order1",6.74393939363638,2.32927224978353,21,2.89529890473864,1,"NANA OrderNA - NANA OrderNA"
"NR X5 Order1 - NR X0 Order2",7.74027777747473,2.51582744530722,21,3.07663301468179,1,"NANA OrderNA - NANA OrderNA"
"NR X5 Order1 - PR X0 Order2",-6.4152777780808,2.88659829269199,21,-2.2224352430064,1,"NANA OrderNA - NANA OrderNA"
"NR X5 Order1 - NR X1 Order2",5.4069444441414,3.18174308600318,21,1.69936550437624,1,"NANA OrderNA - NANA OrderNA"
"NR X5 Order1 - PR X1 Order2",-3.58333333335859,3.23669833769841,21,-1.10709524320597,1,"NANA OrderNA - NANA OrderNA"
"NR X5 Order1 - NR X2 Order2",2.91805555525253,3.03598827990681,21,0.961155079077611,1,"NANA OrderNA - NANA OrderNA"
"NR X5 Order1 - PR X2 Order2",0.793055555252533,2.47324986506719,21,0.320653228957515,1,"NANA OrderNA - NANA OrderNA"
"NR X5 Order1 - NR X3 Order2",1.81805555525251,2.83457733210238,21,0.641385061068021,1,"NANA OrderNA - NANA OrderNA"
"NR X5 Order1 - PR X3 Order2",2.27361111080807,2.86736378927449,21,0.792927329037432,1,"NANA OrderNA - NANA OrderNA"
"NR X5 Order1 - NR X4 Order2",-0.0486111114141392,2.93121319431348,21,-0.0165839562637218,1,"NANA OrderNA - NANA OrderNA"
"NR X5 Order1 - PR X4 Order2",4.26249999969695,3.27035572162348,21,1.3033750339492,1,"NANA OrderNA - NANA OrderNA"
"NR X5 Order1 - NR X5 Order2",-3.1416666669697,2.68100677319596,21,-1.17182347257728,1,"NANA OrderNA - NANA OrderNA"
"NR X5 Order1 - PR X5 Order2",0.615277777196961,3.09620087280477,21,0.19872023892287,1,"NANA OrderNA - NANA OrderNA"
"NR X5 Order1 - NR X6 Order2",-3.49722222252524,3.10060885725164,21,-1.1279146720961,1,"NANA OrderNA - NANA OrderNA"
"NR X5 Order1 - PR X6 Order2",-0.290277778080786,2.83010752197366,21,-0.102567756110677,1,"NANA OrderNA - NANA OrderNA"
"PR X5 Order1 - NR X6 Order1",-4.56515151515151,3.02221356666849,21,-1.51053240098577,1,"NANA OrderNA - NANA OrderNA"
"PR X5 Order1 - PR X6 Order1",1.68484848484849,1.4346932941772,21,1.17436144135235,1,"NANA OrderNA - NANA OrderNA"
"PR X5 Order1 - NR X0 Order2",2.68118686868685,2.99100492997047,21,0.896416733326254,1,"NANA OrderNA - NANA OrderNA"
"PR X5 Order1 - PR X0 Order2",-11.4743686868687,3.30895337832356,21,-3.46767312046023,0.782391275762518,"NANA OrderNA - NANA OrderNA"
"PR X5 Order1 - NR X1 Order2",0.347853535353514,3.5693433320256,21,0.0974558911809998,1,"NANA OrderNA - NANA OrderNA"
"PR X5 Order1 - PR X1 Order2",-8.64242424214647,3.61841662689722,21,-2.38845471190456,1,"NANA OrderNA - NANA OrderNA"
"PR X5 Order1 - NR X2 Order2",-2.14103535353536,3.44005052176245,21,-0.622384857428907,1,"NANA OrderNA - NANA OrderNA"
"PR X5 Order1 - PR X2 Order2",-4.26603535353535,2.95528131513761,21,-1.44352936273233,1,"NANA OrderNA - NANA OrderNA"
"PR X5 Order1 - NR X3 Order2",-3.24103535353537,3.26367146143959,21,-0.993064219799185,1,"NANA OrderNA - NANA OrderNA"
"PR X5 Order1 - PR X3 Order2",-2.78547979797982,3.29218739694282,21,-0.846087862606625,1,"NANA OrderNA - NANA OrderNA"
"PR X5 Order1 - NR X4 Order2",-5.10770202020202,3.34794467503034,21,-1.52562318556107,1,"NANA OrderNA - NANA OrderNA"
"PR X5 Order1 - PR X4 Order2",-0.796590909090932,3.64855441270951,21,-0.218330554785221,1,"NANA OrderNA - NANA OrderNA"
"PR X5 Order1 - NR X5 Order2",-8.20075757575758,3.13121702768576,21,-2.61903199402906,1,"NANA OrderNA - NANA OrderNA"
"PR X5 Order1 - PR X5 Order2",-4.44381313159092,3.49330539765758,21,-1.2720940844653,1,"NANA OrderNA - NANA OrderNA"
"PR X5 Order1 - NR X6 Order2",-8.55631313131313,3.49721289632386,21,-2.44660916706192,1,"NANA OrderNA - NANA OrderNA"
"PR X5 Order1 - PR X6 Order2",-5.34936868686867,3.25979007644334,21,-1.64101631130346,1,"NANA OrderNA - NANA OrderNA"
"NR X6 Order1 - PR X6 Order1",6.25000000000001,2.92240785530687,21,2.13864741317694,1,"NANA OrderNA - NANA OrderNA"
"NR X6 Order1 - NR X0 Order2",7.24633838383836,2.99598216849148,21,2.41868541810681,1,"NANA OrderNA - NANA OrderNA"
"NR X6 Order1 - PR X0 Order2",-6.90921717171717,3.31345305123374,21,-2.08520146954989,1,"NANA OrderNA - NANA OrderNA"
"NR X6 Order1 - NR X1 Order2",4.91300505050503,3.57351514404052,21,1.37483817822861,1,"NANA OrderNA - NANA OrderNA"
"NR X6 Order1 - PR X1 Order2",-4.07727272699496,3.62253192513434,21,-1.12553120614493,1,"NANA OrderNA - NANA OrderNA"
"NR X6 Order1 - NR X2 Order2",2.42411616161616,3.44437893604774,21,0.703789044882998,1,"NANA OrderNA - NANA OrderNA"
"NR X6 Order1 - PR X2 Order2",0.299116161616163,2.96031861704323,21,0.101041881064451,1,"NANA OrderNA - NANA OrderNA"
"NR X6 Order1 - NR X3 Order2",1.32411616161614,3.26823347865885,21,0.405147358737512,1,"NANA OrderNA - NANA OrderNA"
"NR X6 Order1 - PR X3 Order2",1.7796717171717,3.29670995378732,21,0.539832664116289,1,"NANA OrderNA - NANA OrderNA"
"NR X6 Order1 - NR X4 Order2",-0.54255050505051,3.35239201315647,21,-0.161839815547009,1,"NANA OrderNA - NANA OrderNA"
"NR X6 Order1 - PR X4 Order2",3.76856060606058,3.65263575590467,21,1.03173731461411,1,"NANA OrderNA - NANA OrderNA"
"NR X6 Order1 - NR X5 Order2",-3.63560606060607,3.1359717373217,21,-1.15932360529214,1,"NANA OrderNA - NANA OrderNA"
"NR X6 Order1 - PR X5 Order2",0.121338383560591,3.49756790700551,21,0.0346922166450447,1,"NANA OrderNA - NANA OrderNA"
"NR X6 Order1 - NR X6 Order2",-3.99116161616161,3.50147064888815,21,-1.13985294077189,1,"NANA OrderNA - NANA OrderNA"
"NR X6 Order1 - PR X6 Order2",-0.784217171717157,3.26435751799489,21,-0.24023629991327,1,"NANA OrderNA - NANA OrderNA"
"PR X6 Order1 - NR X0 Order2",0.996338383838358,2.68808482510035,21,0.37064990454725,1,"NANA OrderNA - NANA OrderNA"
"PR X6 Order1 - PR X0 Order2",-13.1592171717172,3.03790421108798,21,-4.33167613504325,0.107002425558436,"NANA OrderNA - NANA OrderNA"
"PR X6 Order1 - NR X1 Order2",-1.33699494949498,3.31962367712107,21,-0.402754974520028,1,"NANA OrderNA - NANA OrderNA"
"PR X6 Order1 - PR X1 Order2",-10.327272726995,3.37233278631178,21,-3.0623527929726,1,"NANA OrderNA - NANA OrderNA"
"PR X6 Order1 - NR X2 Order2",-3.82588383838385,3.18019451104885,21,-1.2030345392685,1,"NANA OrderNA - NANA OrderNA"
"PR X6 Order1 - PR X2 Order2",-5.95088383838384,2.64827815522249,21,-2.24707658696973,1,"NANA OrderNA - NANA OrderNA"
"PR X6 Order1 - NR X3 Order2",-4.92588383838386,2.98851818532904,21,-1.64826965503023,1,"NANA OrderNA - NANA OrderNA"
"PR X6 Order1 - PR X3 Order2",-4.47032828282831,3.01963365202077,21,-1.4804207390644,1,"NANA OrderNA - NANA OrderNA"
"PR X6 Order1 - NR X4 Order2",-6.79255050505051,3.08032840503917,21,-2.20513841768898,1,"NANA OrderNA - NANA OrderNA"
"PR X6 Order1 - PR X4 Order2",-2.48143939393942,3.40464959112229,21,-0.728838409805767,1,"NANA OrderNA - NANA OrderNA"
"PR X6 Order1 - NR X5 Order2",-9.88560606060607,2.84327445215835,21,-3.47683849271105,0.768795044048559,"NANA OrderNA - NANA OrderNA"
"PR X6 Order1 - PR X5 Order2",-6.12866161643941,3.23772638391986,21,-1.8928905317254,1,"NANA OrderNA - NANA OrderNA"
"PR X6 Order1 - NR X6 Order2",-10.2411616161616,3.24194194550752,21,-3.15895897838429,1,"NANA OrderNA - NANA OrderNA"
"PR X6 Order1 - PR X6 Order2",-7.03421717171716,2.9842789545057,21,-2.35709103570791,1,"NANA OrderNA - NANA OrderNA"
"NR X0 Order2 - PR X0 Order2",-14.1555555555555,2.83127983708915,21,-4.99970203231797,0.0223124925910292,"NANA OrderNA - NANA OrderNA"
"NR X0 Order2 - NR X1 Order2",-2.33333333333333,2.03874296162027,21,-1.14449608276217,1,"NANA OrderNA - NANA OrderNA"
"NR X0 Order2 - PR X1 Order2",-11.3236111108333,3.20302076791842,21,-3.53529119269255,0.67490531564783,"NANA OrderNA - NANA OrderNA"
"NR X0 Order2 - NR X2 Order2",-4.82222222222221,2.42903861822733,21,-1.98523901021441,1,"NANA OrderNA - NANA OrderNA"
"NR X0 Order2 - PR X2 Order2",-6.9472222222222,2.43529567333574,21,-2.8527222785668,1,"NANA OrderNA - NANA OrderNA"
"NR X0 Order2 - NR X3 Order2",-5.92222222222222,2.68867051673504,21,-2.20265822285053,1,"NANA OrderNA - NANA OrderNA"
"NR X0 Order2 - PR X3 Order2",-5.46666666666667,2.68439102717402,21,-2.03646436429259,1,"NANA OrderNA - NANA OrderNA"
"NR X0 Order2 - NR X4 Order2",-7.78888888888887,2.78013776612067,21,-2.80161975561278,1,"NANA OrderNA - NANA OrderNA"
"NR X0 Order2 - PR X4 Order2",-3.47777777777778,2.81351277052049,21,-1.23609809566793,1,"NANA OrderNA - NANA OrderNA"
"NR X0 Order2 - NR X5 Order2",-10.8819444444444,2.42237235262925,21,-4.49226743883249,0.0733036529961257,"NANA OrderNA - NANA OrderNA"
"NR X0 Order2 - PR X5 Order2",-7.12500000027777,2.88669512738261,21,-2.4682204686915,1,"NANA OrderNA - NANA OrderNA"
"NR X0 Order2 - NR X6 Order2",-11.2375,2.79345307918706,21,-4.02279890925187,0.220881183436128,"NANA OrderNA - NANA OrderNA"
"NR X0 Order2 - PR X6 Order2",-8.03055555555552,2.73247620297578,21,-2.93892973223697,1,"NANA OrderNA - NANA OrderNA"
"PR X0 Order2 - NR X1 Order2",11.8222222222222,3.1904314358814,21,3.70552461628317,0.457465430151531,"NANA OrderNA - NANA OrderNA"
"PR X0 Order2 - PR X1 Order2",2.83194444472221,2.48329600881249,21,1.14039745349425,1,"NANA OrderNA - NANA OrderNA"
"PR X0 Order2 - NR X2 Order2",9.33333333333332,3.26711254331519,21,2.85675293078905,1,"NANA OrderNA - NANA OrderNA"
"PR X0 Order2 - PR X2 Order2",7.20833333333333,1.96464499245151,21,3.6690258856073,0.497448524304444,"NANA OrderNA - NANA OrderNA"
"PR X0 Order2 - NR X3 Order2",8.23333333333331,2.00074130483391,21,4.11514137956821,0.178608444861533,"NANA OrderNA - NANA OrderNA"
"PR X0 Order2 - PR X3 Order2",8.68888888888887,1.86535014354579,21,4.65804713337756,0.0496375675381809,"NANA OrderNA - NANA OrderNA"
"PR X0 Order2 - NR X4 Order2",6.36666666666666,2.33450170022003,21,2.72720583843078,1,"NANA OrderNA - NANA OrderNA"
"PR X0 Order2 - PR X4 Order2",10.6777777777778,2.56279761802327,21,4.166453762359,0.158418666755337,"NANA OrderNA - NANA OrderNA"
"PR X0 Order2 - NR X5 Order2",3.2736111111111,2.38443374799137,21,1.37290923426527,1,"NANA OrderNA - NANA OrderNA"
"PR X0 Order2 - PR X5 Order2",7.03055555527776,2.67413134842056,21,2.62909881350079,1,"NANA OrderNA - NANA OrderNA"
"PR X0 Order2 - NR X6 Order2",2.91805555555556,2.03312727339645,21,1.43525473969998,1,"NANA OrderNA - NANA OrderNA"
"PR X0 Order2 - PR X6 Order2",6.12500000000001,2.58437167840701,21,2.37001513798334,1,"NANA OrderNA - NANA OrderNA"
"NR X1 Order2 - PR X1 Order2",-8.99027777749999,3.07979090865262,21,-2.9191195260178,1,"NANA OrderNA - NANA OrderNA"
"NR X1 Order2 - NR X2 Order2",-2.48888888888887,2.32033483729142,21,-1.07264212426953,1,"NANA OrderNA - NANA OrderNA"
"NR X1 Order2 - PR X2 Order2",-4.61388888888887,2.91320364628729,21,-1.58378522379271,1,"NANA OrderNA - NANA OrderNA"
"NR X1 Order2 - NR X3 Order2",-3.58888888888889,2.47049807197628,21,-1.45269851840765,1,"NANA OrderNA - NANA OrderNA"
"NR X1 Order2 - PR X3 Order2",-3.13333333333333,2.98925591978181,21,-1.04819842041562,1,"NANA OrderNA - NANA OrderNA"
"NR X1 Order2 - NR X4 Order2",-5.45555555555554,2.56033806788455,21,-2.13079500085827,1,"NANA OrderNA - NANA OrderNA"
"NR X1 Order2 - PR X4 Order2",-1.14444444444445,3.12018365952345,21,-0.366787525776363,1,"NANA OrderNA - NANA OrderNA"
"NR X1 Order2 - NR X5 Order2",-8.5486111111111,2.70850946780415,21,-3.1562049949346,1,"NANA OrderNA - NANA OrderNA"
"NR X1 Order2 - PR X5 Order2",-4.79166666694444,2.93510865475072,21,-1.63253467948749,1,"NANA OrderNA - NANA OrderNA"
"NR X1 Order2 - NR X6 Order2",-8.90416666666664,2.9431235763866,21,-3.02541379441453,1,"NANA OrderNA - NANA OrderNA"
"NR X1 Order2 - PR X6 Order2",-5.69722222222219,2.54862941560387,21,-2.23540628831371,1,"NANA OrderNA - NANA OrderNA"
"PR X1 Order2 - NR X2 Order2",6.50138888861111,3.20358467251837,21,2.02941066124539,1,"NANA OrderNA - NANA OrderNA"
"PR X1 Order2 - PR X2 Order2",4.37638888861112,1.86990567316199,21,2.34043297018865,1,"NANA OrderNA - NANA OrderNA"
"PR X1 Order2 - NR X3 Order2",5.4013888886111,2.60116882437136,21,2.07652376808587,1,"NANA OrderNA - NANA OrderNA"
"PR X1 Order2 - PR X3 Order2",5.85694444416665,1.73863525262107,21,3.36870222511424,0.978506995813585,"NANA OrderNA - NANA OrderNA"
"PR X1 Order2 - NR X4 Order2",3.53472222194445,2.59353232888887,21,1.36289884747988,1,"NANA OrderNA - NANA OrderNA"
"PR X1 Order2 - PR X4 Order2",7.84583333305554,2.23282496634572,21,3.51385955070906,0.70786785947485,"NANA OrderNA - NANA OrderNA"
"PR X1 Order2 - NR X5 Order2",0.441666666388889,2.98309640094128,21,0.148056451092068,1,"NANA OrderNA - NANA OrderNA"
"PR X1 Order2 - PR X5 Order2",4.19861111055555,1.68124439053525,21,2.49732349097614,1,"NANA OrderNA - NANA OrderNA"
"PR X1 Order2 - NR X6 Order2",0.0861111108333454,3.16253762880109,21,0.0272284857733029,1,"NANA OrderNA - NANA OrderNA"
"PR X1 Order2 - PR X6 Order2",3.2930555552778,1.75784551418289,21,1.87334753179862,1,"NANA OrderNA - NANA OrderNA"
"NR X2 Order2 - PR X2 Order2",-2.12499999999999,2.77348389265882,21,-0.766184366754281,1,"NANA OrderNA - NANA OrderNA"
"NR X2 Order2 - NR X3 Order2",-1.10000000000001,2.09339599649472,21,-0.525461977495851,1,"NANA OrderNA - NANA OrderNA"
"NR X2 Order2 - PR X3 Order2",-0.644444444444459,3.21921856031974,21,-0.200186608137737,1,"NANA OrderNA - NANA OrderNA"
"NR X2 Order2 - NR X4 Order2",-2.96666666666667,2.25824447517715,21,-1.31370482659277,1,"NANA OrderNA - NANA OrderNA"
"NR X2 Order2 - PR X4 Order2",1.34444444444443,3.38210097956405,21,0.397517534978427,1,"NANA OrderNA - NANA OrderNA"
"NR X2 Order2 - NR X5 Order2",-6.05972222222222,2.37711468181546,21,-2.54919220708118,1,"NANA OrderNA - NANA OrderNA"
"NR X2 Order2 - PR X5 Order2",-2.30277777805557,3.09990836186978,21,-0.742853500568188,1,"NANA OrderNA - NANA OrderNA"
"NR X2 Order2 - NR X6 Order2",-6.41527777777777,3.10039369851504,21,-2.06918165936488,1,"NANA OrderNA - NANA OrderNA"
"NR X2 Order2 - PR X6 Order2",-3.20833333333331,2.38818295133409,21,-1.34342024824399,1,"NANA OrderNA - NANA OrderNA"
"PR X2 Order2 - NR X3 Order2",1.02499999999998,2.15984187551047,21,0.474571778435273,1,"NANA OrderNA - NANA OrderNA"
"PR X2 Order2 - PR X3 Order2",1.48055555555553,1.35280849424402,21,1.09443100176784,1,"NANA OrderNA - NANA OrderNA"
"PR X2 Order2 - NR X4 Order2",-0.841666666666673,1.98900781706871,21,-0.423159054199734,1,"NANA OrderNA - NANA OrderNA"
"PR X2 Order2 - PR X4 Order2",3.46944444444442,2.01872528021716,21,1.71863129591917,1,"NANA OrderNA - NANA OrderNA"
"PR X2 Order2 - NR X5 Order2",-3.93472222222223,2.30256830416738,21,-1.70884060859382,1,"NANA OrderNA - NANA OrderNA"
"PR X2 Order2 - PR X5 Order2",-0.177777778055572,1.73760139025678,21,-0.102312175308113,1,"NANA OrderNA - NANA OrderNA"
"PR X2 Order2 - NR X6 Order2",-4.29027777777777,2.56350077114029,21,-1.67360112627131,1,"NANA OrderNA - NANA OrderNA"
"PR X2 Order2 - PR X6 Order2",-1.08333333333332,1.86933704710279,21,-0.579528092599638,1,"NANA OrderNA - NANA OrderNA"
"NR X3 Order2 - PR X3 Order2",0.455555555555556,2.34081689471677,21,0.194613921568896,1,"NANA OrderNA - NANA OrderNA"
"NR X3 Order2 - NR X4 Order2",-1.86666666666665,1.5754393606523,21,-1.18485465914332,1,"NANA OrderNA - NANA OrderNA"
"NR X3 Order2 - PR X4 Order2",2.44444444444444,2.77194762144863,21,0.881850878252513,1,"NANA OrderNA - NANA OrderNA"
"NR X3 Order2 - NR X5 Order2",-4.95972222222221,1.76373978424275,21,-2.81204873107267,1,"NANA OrderNA - NANA OrderNA"
"NR X3 Order2 - PR X5 Order2",-1.20277777805555,2.88803601050345,21,-0.416469106922902,1,"NANA OrderNA - NANA OrderNA"
"NR X3 Order2 - NR X6 Order2",-5.31527777777775,2.00384031060196,21,-2.65254558941427,1,"NANA OrderNA - NANA OrderNA"
"NR X3 Order2 - PR X6 Order2",-2.1083333333333,2.20819560861793,21,-0.954776526637904,1,"NANA OrderNA - NANA OrderNA"
"PR X3 Order2 - NR X4 Order2",-2.32222222222221,2.42650167662716,21,-0.95702477545785,1,"NANA OrderNA - NANA OrderNA"
"PR X3 Order2 - PR X4 Order2",1.98888888888889,1.853756962659,21,1.0728962474326,1,"NANA OrderNA - NANA OrderNA"
"PR X3 Order2 - NR X5 Order2",-5.41527777777777,2.49810414090817,21,-2.16775501433222,1,"NANA OrderNA - NANA OrderNA"
"PR X3 Order2 - PR X5 Order2",-1.65833333361111,1.71012230511264,21,-0.969716217754305,1,"NANA OrderNA - NANA OrderNA"
"PR X3 Order2 - NR X6 Order2",-5.77083333333331,2.49721828465784,21,-2.31090464489532,1,"NANA OrderNA - NANA OrderNA"
"PR X3 Order2 - PR X6 Order2",-2.56388888888885,2.0990729707529,21,-1.22143866583601,1,"NANA OrderNA - NANA OrderNA"
"NR X4 Order2 - PR X4 Order2",4.31111111111109,2.62585940590544,21,1.64179053205042,1,"NANA OrderNA - NANA OrderNA"
"NR X4 Order2 - NR X5 Order2",-3.09305555555556,1.9439725794049,21,-1.59110040353678,1,"NANA OrderNA - NANA OrderNA"
"NR X4 Order2 - PR X5 Order2",0.6638888886111,2.63159210549624,21,0.252276516267292,1,"NANA OrderNA - NANA OrderNA"
"NR X4 Order2 - NR X6 Order2",-3.4486111111111,1.95878923503508,21,-1.76058304253921,1,"NANA OrderNA - NANA OrderNA"
"NR X4 Order2 - PR X6 Order2",-0.241666666666647,2.12494661770748,21,-0.113728347174844,1,"NANA OrderNA - NANA OrderNA"
"PR X4 Order2 - NR X5 Order2",-7.40416666666665,2.65724127838852,21,-2.78641112754236,1,"NANA OrderNA - NANA OrderNA"
"PR X4 Order2 - PR X5 Order2",-3.64722222249999,1.69142476697175,21,-2.15630177216206,1,"NANA OrderNA - NANA OrderNA"
"PR X4 Order2 - NR X6 Order2",-7.75972222222219,2.32256227969518,21,-3.34101793095537,1,"NANA OrderNA - NANA OrderNA"
"PR X4 Order2 - PR X6 Order2",-4.55277777777774,2.37480521494625,21,-1.91711629615938,1,"NANA OrderNA - NANA OrderNA"
"NR X5 Order2 - PR X5 Order2",3.75694444416666,2.6974017570373,21,1.39280121485986,1,"NANA OrderNA - NANA OrderNA"
"NR X5 Order2 - NR X6 Order2",-0.355555555555543,1.94915224072736,21,-0.182415487167315,1,"NANA OrderNA - NANA OrderNA"
"NR X5 Order2 - PR X6 Order2",2.85138888888891,2.23010839328735,21,1.27858757783775,1,"NANA OrderNA - NANA OrderNA"
"PR X5 Order2 - NR X6 Order2",-4.1124999997222,2.89354919415738,21,-1.42126493236269,1,"NANA OrderNA - NANA OrderNA"
"PR X5 Order2 - PR X6 Order2",-0.905555555277747,1.37361425116149,21,-0.659250262227576,1,"NANA OrderNA - NANA OrderNA"
"NR X6 Order2 - PR X6 Order2",3.20694444444445,2.79799250059086,21,1.14615905645467,1,"NANA OrderNA - NANA OrderNA"
