"sex","hour","diet","term","group1","group2","null.value","estimate","conf.low","conf.high","p.adj","p.adj.signif"
"F","0","NR","order","1","2",0,0.876190476190477,-1.92495299408858,3.67733394646953,0.497,"ns"
"F","0","PR","order","1","2",0,-2.83809523809524,-7.07853396074978,1.4023434845593,0.164,"ns"
"M","0","NR","order","1","2",0,0.166666666666668,-3.74221822003399,4.07555155336732,0.926,"ns"
"M","0","PR","order","1","2",0,1.57142857142857,-0.673822955846646,3.81668009870379,0.15,"ns"
"F","1","NR","order","1","2",0,0.566666666666667,-1.34580855929366,2.479141892627,0.52,"ns"
"F","1","PR","order","1","2",0,-0.90952380952381,-2.95736788302693,1.13832026397931,0.341,"ns"
"M","1","NR","order","1","2",0,-0.404761904761904,-2.97288698980004,2.16336318027623,0.733,"ns"
"M","1","PR","order","1","2",0,-0.404761904761903,-3.17653946771356,2.36701565818976,0.752,"ns"
"F","2","NR","order","1","2",0,0.138095238095237,-2.71385203302174,2.99004250921221,0.915,"ns"
"F","2","PR","order","1","2",0,0.828571428571429,-2.16115567578534,3.8182985329282,0.546,"ns"
"M","2","NR","order","1","2",0,2.92857142857143,-0.447818836140003,6.30496169328286,0.0821,"ns"
"M","2","PR","order","1","2",0,0.500000000000002,-2.20601322557097,3.20601322557097,0.689,"ns"
"F","3","NR","order","1","2",0,1.86190476190476,-1.4574856303636,5.18129515417312,0.236,"ns"
"F","3","PR","order","1","2",0,-1.72380952380952,-3.98578429164544,0.53816524402639,0.119,"ns"
"M","3","NR","order","1","2",0,0.738095238095239,-2.14906457844284,3.62525505463332,0.582,"ns"
"M","3","PR","order","1","2",0,0.0952380952380967,-1.13160397307761,1.32208016355381,0.866,"ns"
"F","4","NR","order","1","2",0,0.038095238095238,-3.70931514639063,3.78550562258111,0.982,"ns"
"F","4","PR","order","1","2",0,1.52380952380952,-0.368199669221214,3.41581871684026,0.102,"ns"
"M","4","NR","order","1","2",0,3.33333333333333,0.174062781681152,6.49260388498551,0.0406,"*"
"M","4","PR","order","1","2",0,0.952380952380953,-1.41870460326191,3.32346650802382,0.392,"ns"
"F","5","NR","order","1","2",0,1.14285714285714,-2.13549700894059,4.42121129465488,0.451,"ns"
"F","5","PR","order","1","2",0,-1.36666666666667,-3.64130280230578,0.907969468972449,0.207,"ns"
"M","5","NR","order","1","2",0,3.5,1.58648615668812,5.41351384331188,0.00223,"**"
"M","5","PR","order","1","2",0,0.0952380952380967,-1.8786555801304,2.0691317706066,0.917,"ns"
"F","6","NR","order","1","2",0,-1.16190476190476,-4.30111912505856,1.97730960124904,0.424,"ns"
"F","6","PR","order","1","2",0,-0.709523809523809,-2.84284702046999,1.42379940142237,0.471,"ns"
"M","6","NR","order","1","2",0,-0.166666666666665,-2.7282079301953,2.39487459686197,0.888,"ns"
"M","6","PR","order","1","2",0,-0.19047619047619,-2.63657834573263,2.25562596478025,0.866,"ns"
"F","7","NR","order","1","2",0,-0.204761904761904,-1.57306397010668,1.16354016058287,0.743,"ns"
"F","7","PR","order","1","2",0,0.395238095238095,-0.648490181421786,1.43896637189798,0.414,"ns"
"M","7","NR","order","1","2",0,1.61904761904762,-0.336798322127467,3.5748935602227,0.0949,"ns"
"M","7","PR","order","1","2",0,0.0238095238095246,-1.77006496683304,1.81768401445209,0.977,"ns"
"F","8","NR","order","1","2",0,0.261904761904762,-2.51995765200781,3.04376717581733,0.836,"ns"
"F","8","PR","order","1","2",0,-0.423809523809524,-1.70141675728388,0.853797709664831,0.472,"ns"
"M","8","NR","order","1","2",0,-1.04761904761905,-2.79813880283631,0.702900707598217,0.212,"ns"
"M","8","PR","order","1","2",0,8.88178419700125e-16,-1.78617036195794,1.78617036195794,1,"ns"
"F","9","NR","order","1","2",0,-0.157142857142857,-1.13492191333152,0.820636199045808,0.725,"ns"
"F","9","PR","order","1","2",0,-0.385714285714286,-2.33855082509645,1.56712225366787,0.666,"ns"
"M","9","NR","order","1","2",0,-1.28571428571429,-2.64861722441653,0.0771886529879555,0.0619,"ns"
"M","9","PR","order","1","2",0,-0.357142857142858,-2.91692557501599,2.20263986073027,0.762,"ns"
"F","10","NR","order","1","2",0,-1.86666666666667,-5.6726597057357,1.93932637240236,0.296,"ns"
"F","10","PR","order","1","2",0,-1.10952380952381,-3.06859621589784,0.849548596850225,0.232,"ns"
"M","10","NR","order","1","2",0,-1.14285714285714,-2.72267057638705,0.436956290672761,0.138,"ns"
"M","10","PR","order","1","2",0,-0.380952380952381,-2.31072307268867,1.5488183107839,0.669,"ns"
"F","11","NR","order","1","2",0,-1.54285714285714,-5.38460470705955,2.29889042134526,0.387,"ns"
"F","11","PR","order","1","2",0,-0.890476190476191,-2.30465238815844,0.523700007206057,0.188,"ns"
"M","11","NR","order","1","2",0,0.166666666666668,-2.0125578822558,2.34589121558913,0.868,"ns"
"M","11","PR","order","1","2",0,-1.47619047619048,-3.11820016255213,0.165819210171179,0.073,"ns"
"F","12","NR","order","1","2",0,0.366666666666665,-4.21610517813661,4.94943851146994,0.86,"ns"
"F","12","PR","order","1","2",0,0.414285714285716,-3.15885799415918,3.98742942273061,0.799,"ns"
"M","12","NR","order","1","2",0,-0.476190476190474,-3.58336281525725,2.6309818628763,0.74,"ns"
"M","12","PR","order","1","2",0,0.380952380952383,-1.51853744961949,2.28044221152426,0.664,"ns"
"F","13","NR","order","1","2",0,5.03809523809523,1.7542082869992,8.32198218919127,0.00704,"**"
"F","13","PR","order","1","2",0,2.31428571428571,-1.45591466533794,6.08448609390936,0.198,"ns"
"M","13","NR","order","1","2",0,5.95238095238095,2.81994956760562,9.08481233715628,0.00173,"**"
"M","13","PR","order","1","2",0,0.142857142857142,-3.26448280307537,3.55019708878966,0.927,"ns"
"F","14","NR","order","1","2",0,0.604761904761904,-1.72531472524058,2.93483853476439,0.572,"ns"
"F","14","PR","order","1","2",0,0.904761904761907,-2.28634085158578,4.09586466110959,0.537,"ns"
"M","14","NR","order","1","2",0,5.5,1.14019507074226,9.85980492925774,0.0184,"*"
"M","14","PR","order","1","2",0,0.547619047619051,-2.53527422829137,3.63051232352948,0.701,"ns"
"F","15","NR","order","1","2",0,2.64285714285714,-1.54882101454513,6.83453530025942,0.188,"ns"
"F","15","PR","order","1","2",0,-1.08095238095238,-3.80813392577624,1.64622916387148,0.393,"ns"
"M","15","NR","order","1","2",0,3.11904761904762,-2.0615592327759,8.29965447087114,0.209,"ns"
"M","15","PR","order","1","2",0,2.52380952380953,-1.30042261733263,6.34804166495168,0.172,"ns"
"F","16","NR","order","1","2",0,1.84761904761905,-2.18420147271658,5.87943956795468,0.327,"ns"
"F","16","PR","order","1","2",0,1.28095238095238,-1.98806563039543,4.5499703923002,0.398,"ns"
"M","16","NR","order","1","2",0,5.04761904761905,0.902986889381359,9.19225120585674,0.0218,"*"
"M","16","PR","order","1","2",0,3.26190476190477,0.350283632992278,6.17352589081725,0.0317,"*"
"F","17","NR","order","1","2",0,1.17142857142857,-3.65673436527515,5.99959150813229,0.596,"ns"
"F","17","PR","order","1","2",0,0.728571428571428,-4.4900156006745,5.94715845781735,0.759,"ns"
"M","17","NR","order","1","2",0,5.45238095238095,0.906749357580307,9.9980125471816,0.0234,"*"
"M","17","PR","order","1","2",0,3.80952380952381,1.25359212846034,6.36545549058729,0.00773,"**"
"F","18","NR","order","1","2",0,2.07142857142857,-2.70209648074571,6.84495362360285,0.352,"ns"
"F","18","PR","order","1","2",0,-0.280952380952382,-4.78676084211555,4.22485608021078,0.891,"ns"
"M","18","NR","order","1","2",0,2.57142857142857,0.0438428764110772,5.09901426644607,0.0468,"*"
"M","18","PR","order","1","2",0,2.0952380952381,-2.69687870597496,6.88735489645116,0.353,"ns"
"F","19","NR","order","1","2",0,-0.280952380952376,-4.52013668683592,3.95823192493117,0.884,"ns"
"F","19","PR","order","1","2",0,-0.638095238095238,-4.10452011480212,2.82832963861164,0.687,"ns"
"M","19","NR","order","1","2",0,1.11904761904762,-2.06338888963255,4.30148412772779,0.451,"ns"
"M","19","PR","order","1","2",0,2.19047619047619,-1.3432092434003,5.72416162435268,0.197,"ns"
"F","20","NR","order","1","2",0,-1.88571428571429,-5.46129823950348,1.68986966807491,0.263,"ns"
"F","20","PR","order","1","2",0,-2.58571428571428,-6.59115386377747,1.4197252923489,0.178,"ns"
"M","20","NR","order","1","2",0,1.78571428571429,-1.16049929177514,4.73192786320372,0.207,"ns"
"M","20","PR","order","1","2",0,-1.19047619047619,-3.63427613142937,1.253323750477,0.303,"ns"
"F","21","NR","order","1","2",0,0.171428571428573,-2.57190462684463,2.91476176970178,0.891,"ns"
"F","21","PR","order","1","2",0,0.271428571428572,-3.93301985222194,4.47587699507909,0.887,"ns"
"M","21","NR","order","1","2",0,0.428571428571427,-2.12229004795075,2.97943290509361,0.716,"ns"
"M","21","PR","order","1","2",0,1.16666666666667,-2.31833900166113,4.65167233499447,0.473,"ns"
"F","22","NR","order","1","2",0,-0.799999999999999,-4.32911160348351,2.72911160348351,0.62,"ns"
"F","22","PR","order","1","2",0,0.785714285714284,-2.03764431977884,3.60907289120741,0.545,"ns"
"M","22","NR","order","1","2",0,2.14285714285714,-0.89061682641566,5.17633111212994,0.147,"ns"
"M","22","PR","order","1","2",0,0.976190476190476,-2.05143282835574,4.00381378073669,0.489,"ns"
"F","23","NR","order","1","2",0,1.93333333333333,-2.31712739596385,6.18379406263052,0.33,"ns"
"F","23","PR","order","1","2",0,0.471428571428575,-3.66445615017205,4.6073132930292,0.802,"ns"
"M","23","NR","order","1","2",0,-0.571428571428571,-3.33822631109822,2.19536916824108,0.655,"ns"
"M","23","PR","order","1","2",0,2.30952380952381,-0.660664776455282,5.2797123955029,0.114,"ns"
