"contrast","hour","estimate","SE","df","t.ratio","p.value"
"NR F order1 - PR F order1","0",-0.142857142856654,0.157359622418597,893.000000006988,-0.907838622519286,1
"NR F order1 - NR M order1","0",-0.0666666666658701,0.172738845978974,247.070802102415,-0.385939053187751,1
"NR F order1 - PR M order1","0",-0.0190476190469739,0.172738845978976,247.070802102424,-0.110268300908368,1
"NR F order1 - NR F order2","0",-0.185714285713472,0.172738845978974,247.070802102398,-1.0751159338883,1
"NR F order1 - PR F order2","0",0.0523809523815873,0.172738845978976,247.07080210242,0.303237827511958,1
"NR F order1 - NR M order2","0",-0.209523809523214,0.172738845978974,247.070802102367,-1.2129513100297,1
"NR F order1 - PR M order2","0",-0.0428571428565268,0.172738845978976,247.070802102354,-0.248103677048664,1
"PR F order1 - NR M order1","0",0.0761904761907842,0.172738845978972,247.070802102385,0.441073203650203,1
"PR F order1 - PR M order1","0",0.12380952380968,0.172738845978975,247.070802102372,0.716743955929578,1
"PR F order1 - NR F order2","0",-0.0428571428568177,0.172738845978972,247.070802102385,-0.248103677050353,1
"PR F order1 - PR F order2","0",0.195238095238242,0.172738845978974,247.070802102367,1.13025008434991,1
"PR F order1 - NR M order2","0",-0.0666666666665596,0.172738845978973,247.07080210231,-0.385939053191746,1
"PR F order1 - PR M order2","0",0.100000000000127,0.172738845978973,247.070802102315,0.578908579789286,1
"NR M order1 - PR M order1","0",0.0476190476188961,0.143649024731934,893.000000000787,0.331495794752237,1
"NR M order1 - NR F order2","0",-0.119047619047602,0.164700027350403,247.070802102477,-0.722814810433062,1
"NR M order1 - PR F order2","0",0.119047619047457,0.164700027350405,247.070802102398,0.722814810432178,1
"NR M order1 - NR M order2","0",-0.142857142857344,0.164700027350403,247.07080210238,-0.867377772521022,1
"NR M order1 - PR M order2","0",0.0238095238093433,0.164700027350404,247.070802102367,0.144562962085537,1
"PR M order1 - NR F order2","0",-0.166666666666498,0.164700027350405,247.070802102415,-1.0119407346054,1
"PR M order1 - PR F order2","0",0.0714285714285612,0.164700027350406,247.070802102354,0.43368888625983,1
"PR M order1 - NR M order2","0",-0.19047619047624,0.164700027350404,247.070802102337,-1.15650369669336,1
"PR M order1 - PR M order2","0",-0.0238095238095528,0.164700027350406,247.070802102323,-0.144562962086807,1
"NR F order2 - PR F order2","0",0.238095238095059,0.143649024731933,893.000000000378,1.65747897376522,1
"NR F order2 - NR M order2","0",-0.0238095238097419,0.164700027350403,247.070802102372,-0.144562962087958,1
"NR F order2 - PR M order2","0",0.142857142856945,0.164700027350404,247.070802102372,0.867377772518596,1
"PR F order2 - NR M order2","0",-0.261904761904801,0.164700027350404,247.070802102337,-1.5901925829532,1
"PR F order2 - PR M order2","0",-0.095238095238114,0.164700027350406,247.070802102337,-0.578251848346638,1
"NR M order2 - PR M order2","0",0.166666666666687,0.143649024731934,893.000000000378,1.16023528163666,1
"NR F order1 - PR F order1","1",0.057142857142858,0.157359622418595,892.999999999793,0.363135449008966,1
"NR F order1 - NR M order1","1",1.84130488634082e-13,0.17273884597897,247.070802102271,1.0659471967093e-12,1
"NR F order1 - PR M order1","1",-0.142857142856959,0.172738845978971,247.07080210228,-0.827012256839728,1
"NR F order1 - NR F order2","1",0.0238095238097093,0.17273884597897,247.070802102271,0.137835376141207,1
"NR F order1 - PR F order2","1",0.119047619047804,0.17273884597897,247.07080210228,0.689176880701736,1
"NR F order1 - NR M order2","1",-0.380952380952241,0.17273884597897,247.07080210228,-2.20536601824131,0.652046294985254
"NR F order1 - PR M order2","1",0.0476190476191878,0.172738845978971,247.070802102267,0.275670752281077,1
"PR F order1 - NR M order1","1",-0.0571428571426739,0.17273884597897,247.07080210228,-0.330804902735257,1
"PR F order1 - PR M order1","1",-0.199999999999817,0.17273884597897,247.070802102275,-1.15781715957605,1
"PR F order1 - NR F order2","1",-0.0333333333331487,0.17273884597897,247.07080210228,-0.192969526595116,1
"PR F order1 - PR F order2","1",0.0619047619049465,0.172738845978971,247.070802102275,0.358371977965413,1
"PR F order1 - NR M order2","1",-0.438095238095099,0.17273884597897,247.070802102271,-2.53617092097763,0.307427206696757
"PR F order1 - PR M order2","1",-0.00952380952367016,0.17273884597897,247.070802102275,-0.0551341504552462,1
"NR M order1 - PR M order1","1",-0.142857142857143,0.143649024731934,892.999999999968,-0.994487384259873,1
"NR M order1 - NR F order2","1",0.0238095238095252,0.164700027350405,247.070802102302,0.14456296208664,1
"NR M order1 - PR F order2","1",0.11904761904762,0.164700027350405,247.070802102297,0.722814810433166,1
"NR M order1 - NR M order2","1",-0.380952380952425,0.164700027350405,247.070802102297,-2.31300739338638,0.517061986980431
"NR M order1 - PR M order2","1",0.0476190476190037,0.164700027350405,247.070802102293,0.289125924172997,1
"PR M order1 - NR F order2","1",0.166666666666668,0.164700027350405,247.070802102302,1.01194073460643,1
"PR M order1 - PR F order2","1",0.261904761904763,0.164700027350405,247.070802102297,1.59019258295295,1
"PR M order1 - NR M order2","1",-0.238095238095282,0.164700027350405,247.070802102302,-1.44562962086658,1
"PR M order1 - PR M order2","1",0.190476190476146,0.164700027350405,247.070802102297,1.15650369669279,1
"NR F order2 - PR F order2","1",0.0952380952380951,0.143649024731934,892.999999999968,0.662991589506582,1
"NR F order2 - NR M order2","1",-0.40476190476195,0.164700027350405,247.070802102297,-2.45757035547302,0.366895327838075
"NR F order2 - PR M order2","1",0.0238095238094785,0.164700027350405,247.070802102293,0.144562962086357,1
"PR F order2 - NR M order2","1",-0.500000000000045,0.164700027350405,247.070802102302,-3.03582220381954,0.0743536263933817
"PR F order2 - PR M order2","1",-0.0714285714286166,0.164700027350405,247.070802102302,-0.43368888626017,1
"NR M order2 - PR M order2","1",0.428571428571428,0.143649024731934,892.999999999968,2.98346215277962,0.0790462780202818
"NR F order1 - PR F order1","2",0.0285714285714289,0.157359622418595,892.999999999968,0.181567724504483,1
"NR F order1 - NR M order1","2",-0.0285714285712441,0.17273884597897,247.07080210228,-0.165402451367091,1
"NR F order1 - PR M order1","2",-0.00476190476172063,0.17273884597897,247.07080210228,-0.0275670752269606,1
"NR F order1 - NR F order2","2",-0.0761904761902909,0.17273884597897,247.070802102275,-0.441073203647352,1
"NR F order1 - PR F order2","2",0.0904761904763756,0.17273884597897,247.07080210228,0.523774429333575,1
"NR F order1 - NR M order2","2",-0.123809523809384,0.17273884597897,247.070802102271,-0.716743955927881,1
"NR F order1 - PR M order2","2",-0.123809523809384,0.17273884597897,247.07080210228,-0.716743955927879,1
"PR F order1 - NR M order1","2",-0.057142857142673,0.17273884597897,247.070802102275,-0.330804902735252,1
"PR F order1 - PR M order1","2",-0.0333333333331495,0.17273884597897,247.070802102275,-0.192969526595122,1
"PR F order1 - NR F order2","2",-0.10476190476172,0.17273884597897,247.070802102271,-0.606475655015512,1
"PR F order1 - PR F order2","2",0.0619047619049467,0.172738845978971,247.07080210228,0.358371977965414,1
"PR F order1 - NR M order2","2",-0.152380952380813,0.17273884597897,247.070802102271,-0.882146407296042,1
"PR F order1 - PR M order2","2",-0.152380952380813,0.172738845978971,247.070802102271,-0.882146407296038,1
"NR M order1 - PR M order1","2",0.0238095238095235,0.143649024731934,892.999999999968,0.165747897376644,1
"NR M order1 - NR F order2","2",-0.0476190476190468,0.164700027350405,247.070802102297,-0.289125924173258,1
"NR M order1 - PR F order2","2",0.11904761904762,0.164700027350405,247.070802102297,0.722814810433162,1
"NR M order1 - NR M order2","2",-0.0952380952381399,0.164700027350405,247.070802102288,-0.578251848346799,1
"NR M order1 - PR M order2","2",-0.0952380952381396,0.164700027350405,247.070802102293,-0.578251848346796,1
"PR M order1 - NR F order2","2",-0.0714285714285703,0.164700027350405,247.070802102297,-0.433688886259888,1
"PR M order1 - PR F order2","2",0.0952380952380963,0.164700027350405,247.070802102297,0.578251848346533,1
"PR M order1 - NR M order2","2",-0.119047619047663,0.164700027350405,247.070802102293,-0.722814810433428,1
"PR M order1 - PR M order2","2",-0.119047619047663,0.164700027350405,247.070802102297,-0.722814810433425,1
"NR F order2 - PR F order2","2",0.166666666666667,0.143649024731934,892.999999999968,1.16023528163652,1
"NR F order2 - NR M order2","2",-0.0476190476190932,0.164700027350405,247.070802102293,-0.28912592417354,1
"NR F order2 - PR M order2","2",-0.0476190476190928,0.164700027350405,247.070802102297,-0.289125924173538,1
"PR F order2 - NR M order2","2",-0.21428571428576,0.164700027350405,247.070802102302,-1.30106665877996,1
"PR F order2 - PR M order2","2",-0.214285714285759,0.164700027350405,247.070802102297,-1.30106665877996,1
"NR M order2 - PR M order2","2",3.7470027081099e-16,0.143649024731934,892.999999999968,2.60844284540202e-15,1
"NR F order1 - PR F order1","3",0.0857142857142861,0.157359622418595,892.999999999968,0.544703173513444,1
"NR F order1 - NR M order1","3",-0.290476190476006,0.17273884597897,247.07080210228,-1.68159158890855,1
"NR F order1 - PR M order1","3",0.0904761904763747,0.17273884597897,247.07080210228,0.523774429333571,1
"NR F order1 - NR F order2","3",-0.0761904761902907,0.17273884597897,247.070802102275,-0.44107320364735,1
"NR F order1 - PR F order2","3",0.0904761904763755,0.17273884597897,247.070802102271,0.523774429333575,1
"NR F order1 - NR M order2","3",-0.314285714285574,0.17273884597897,247.070802102271,-1.81942696504894,1
"NR F order1 - PR M order2","3",-0.09999999999986,0.17273884597897,247.070802102271,-0.578908579787747,1
"PR F order1 - NR M order1","3",-0.376190476190292,0.17273884597897,247.07080210228,-2.17779894301303,0.69844778433633
"PR F order1 - PR M order1","3",0.00476190476208865,0.17273884597897,247.07080210228,0.0275670752290911,1
"PR F order1 - NR F order2","3",-0.161904761904577,0.17273884597897,247.070802102275,-0.937280557751829,1
"PR F order1 - PR F order2","3",0.00476190476208946,0.172738845978971,247.07080210228,0.0275670752290957,1
"PR F order1 - NR M order2","3",-0.39999999999986,0.17273884597897,247.070802102271,-2.31563431915342,0.534945226181944
"PR F order1 - PR M order2","3",-0.185714285714146,0.17273884597897,247.070802102267,-1.07511593389223,1
"NR M order1 - PR M order1","3",0.380952380952381,0.143649024731934,892.999999999968,2.65196635802633,0.228041512954658
"NR M order1 - NR F order2","3",0.214285714285716,0.164700027350405,247.070802102297,1.30106665877969,1
"NR M order1 - PR F order2","3",0.380952380952382,0.164700027350405,247.070802102302,2.31300739338611,0.534945226181944
"NR M order1 - NR M order2","3",-0.0238095238095679,0.164700027350405,247.070802102288,-0.144562962086899,1
"NR M order1 - PR M order2","3",0.190476190476146,0.164700027350405,247.070802102293,1.15650369669279,1
"PR M order1 - NR F order2","3",-0.166666666666665,0.164700027350405,247.070802102302,-1.01194073460641,1
"PR M order1 - PR F order2","3",8.04911692853238e-16,0.164700027350405,247.070802102297,4.88713757855523e-15,1
"PR M order1 - NR M order2","3",-0.404761904761949,0.164700027350405,247.070802102293,-2.45757035547301,0.396246954065124
"PR M order1 - PR M order2","3",-0.190476190476235,0.164700027350405,247.070802102288,-1.15650369669332,1
"NR F order2 - PR F order2","3",0.166666666666666,0.143649024731934,892.999999999968,1.16023528163652,1
"NR F order2 - NR M order2","3",-0.238095238095284,0.164700027350405,247.070802102297,-1.44562962086659,1
"NR F order2 - PR M order2","3",-0.0238095238095693,0.164700027350405,247.070802102297,-0.144562962086908,1
"PR F order2 - NR M order2","3",-0.40476190476195,0.164700027350405,247.070802102302,-2.45757035547301,0.396246954065124
"PR F order2 - PR M order2","3",-0.190476190476236,0.164700027350405,247.070802102302,-1.15650369669333,1
"NR M order2 - PR M order2","3",0.214285714285714,0.143649024731934,892.999999999968,1.49173107638981,1
"NR F order1 - PR F order1","4",0.142857142857143,0.157359622418595,893.000000000027,0.907838622522401,1
"NR F order1 - NR M order1","4",-0.109523809523627,0.17273884597897,247.070802102275,-0.634042730243553,1
"NR F order1 - PR M order1","4",0.0809523809525643,0.17273884597897,247.07080210228,0.468640278877513,1
"NR F order1 - NR F order2","4",0.0571428571430412,0.17273884597897,247.07080210228,0.330804902737384,1
"NR F order1 - PR F order2","4",0.0571428571430417,0.17273884597897,247.07080210228,0.330804902737386,1
"NR F order1 - NR M order2","4",-0.41904761904748,0.17273884597897,247.070802102271,-2.42590262006553,0.367707075781901
"NR F order1 - PR M order2","4",0.00952380952394882,0.17273884597897,247.070802102262,0.0551341504568595,1
"PR F order1 - NR M order1","4",-0.25238095238077,0.17273884597897,247.070802102275,-1.46105498708435,1
"PR F order1 - PR M order1","4",-0.0619047619045784,0.17273884597897,247.07080210228,-0.358371977963282,1
"PR F order1 - NR F order2","4",-0.0857142857141015,0.17273884597897,247.070802102275,-0.496207354103411,1
"PR F order1 - PR F order2","4",-0.085714285714101,0.172738845978971,247.07080210228,-0.496207354103407,1
"PR F order1 - NR M order2","4",-0.561904761904622,0.17273884597897,247.07080210228,-3.25291487690632,0.0364446880350719
"PR F order1 - PR M order2","4",-0.133333333333194,0.17273884597897,247.070802102271,-0.771878106383935,1
"NR M order1 - PR M order1","4",0.190476190476191,0.143649024731934,892.999999999968,1.32598317901317,1
"NR M order1 - NR F order2","4",0.166666666666668,0.164700027350405,247.070802102297,1.01194073460643,1
"NR M order1 - PR F order2","4",0.166666666666669,0.164700027350405,247.070802102297,1.01194073460643,1
"NR M order1 - NR M order2","4",-0.309523809523853,0.164700027350405,247.070802102284,-1.87931850712648,1
"NR M order1 - PR M order2","4",0.119047619047576,0.164700027350405,247.070802102297,0.722814810432897,1
"PR M order1 - NR F order2","4",-0.0238095238095231,0.164700027350405,247.070802102297,-0.144562962086628,1
"PR M order1 - PR F order2","4",-0.0238095238095226,0.164700027350405,247.070802102297,-0.144562962086625,1
"PR M order1 - NR M order2","4",-0.500000000000044,0.164700027350405,247.070802102297,-3.03582220381953,0.0716981397364772
"PR M order1 - PR M order2","4",-0.0714285714286155,0.164700027350405,247.070802102297,-0.433688886260163,1
"NR F order2 - PR F order2","4",4.9960036108132e-16,0.143649024731934,892.999999999968,3.47792379386936e-15,1
"NR F order2 - NR M order2","4",-0.476190476190521,0.164700027350405,247.070802102293,-2.89125924173291,0.104466471910978
"NR F order2 - PR M order2","4",-0.0476190476190924,0.164700027350405,247.070802102297,-0.289125924173535,1
"PR F order2 - NR M order2","4",-0.476190476190521,0.164700027350405,247.070802102302,-2.89125924173291,0.104466471910978
"PR F order2 - PR M order2","4",-0.0476190476190929,0.164700027350405,247.070802102293,-0.289125924173539,1
"NR M order2 - PR M order2","4",0.428571428571428,0.143649024731934,892.999999999968,2.98346215277962,0.076118638093605
"NR F order1 - PR F order1","5",-0.057142857142859,0.157359622418595,892.99999999991,-0.363135449008973,1
"NR F order1 - NR M order1","5",-0.219047619047437,0.17273884597897,247.07080210228,-1.26808546048817,1
"NR F order1 - PR M order1","5",-0.266666666666484,0.17273884597897,247.07080210228,-1.54375621276843,1
"NR F order1 - NR F order2","5",0.0428571428573257,0.17273884597897,247.07080210228,0.248103677053297,1
"NR F order1 - PR F order2","5",0.0428571428573266,0.17273884597897,247.07080210228,0.248103677053302,1
"NR F order1 - NR M order2","5",-0.457142857142719,0.17273884597897,247.070802102275,-2.64643922188974,0.225078461042734
"NR F order1 - PR M order2","5",-0.147619047618909,0.17273884597897,247.07080210228,-0.854579332068019,1
"PR F order1 - NR M order1","5",-0.161904761904578,0.172738845978971,247.07080210228,-0.937280557751837,1
"PR F order1 - PR M order1","5",-0.209523809523625,0.17273884597897,247.070802102271,-1.2129513100321,1
"PR F order1 - NR F order2","5",0.100000000000185,0.17273884597897,247.070802102275,0.578908579789626,1
"PR F order1 - PR F order2","5",0.100000000000186,0.17273884597897,247.070802102271,0.578908579789631,1
"PR F order1 - NR M order2","5",-0.39999999999986,0.172738845978971,247.07080210228,-2.31563431915341,0.534945226181947
"PR F order1 - PR M order2","5",-0.09047619047605,0.17273884597897,247.070802102275,-0.523774429331691,1
"NR M order1 - PR M order1","5",-0.0476190476190468,0.143649024731934,892.999999999968,-0.331495794753286,1
"NR M order1 - NR F order2","5",0.261904761904763,0.164700027350405,247.070802102297,1.59019258295296,1
"NR M order1 - PR F order2","5",0.261904761904764,0.164700027350405,247.070802102302,1.59019258295296,1
"NR M order1 - NR M order2","5",-0.238095238095282,0.164700027350405,247.070802102293,-1.44562962086658,1
"NR M order1 - PR M order2","5",0.0714285714285282,0.164700027350405,247.070802102297,0.433688886259633,1
"PR M order1 - NR F order2","5",0.30952380952381,0.164700027350405,247.070802102297,1.87931850712621,1
"PR M order1 - PR F order2","5",0.309523809523811,0.164700027350405,247.070802102302,1.87931850712622,1
"PR M order1 - NR M order2","5",-0.190476190476235,0.164700027350405,247.070802102293,-1.15650369669332,1
"PR M order1 - PR M order2","5",0.119047619047575,0.164700027350405,247.070802102297,0.722814810432892,1
"NR F order2 - PR F order2","5",8.74300631892311e-16,0.143649024731934,892.999999999968,6.08636663927138e-15,1
"NR F order2 - NR M order2","5",-0.500000000000045,0.164700027350405,247.070802102293,-3.03582220381954,0.0743536263933815
"NR F order2 - PR M order2","5",-0.190476190476235,0.164700027350405,247.070802102293,-1.15650369669332,1
"PR F order2 - NR M order2","5",-0.500000000000045,0.164700027350405,247.070802102302,-3.03582220381954,0.0743536263933815
"PR F order2 - PR M order2","5",-0.190476190476236,0.164700027350405,247.070802102293,-1.15650369669333,1
"NR M order2 - PR M order2","5",0.30952380952381,0.143649024731934,892.999999999968,2.1547226658964,0.754808143335351
"NR F order1 - PR F order1","6",0.200000000000001,0.157359622418595,892.99999999991,1.27097407153137,1
"NR F order1 - NR M order1","6",0.0190476190478037,0.172738845978971,247.070802102275,0.110268300913175,1
"NR F order1 - PR M order1","6",0.114285714285899,0.172738845978971,247.070802102271,0.661609805473707,1
"NR F order1 - NR F order2","6",0.138095238095425,0.17273884597897,247.070802102275,0.799445181613848,1
"NR F order1 - PR F order2","6",0.185714285714472,0.17273884597897,247.07080210228,1.07511593389411,1
"NR F order1 - NR M order2","6",-0.0523809523808115,0.17273884597897,247.070802102275,-0.303237827507476,1
"NR F order1 - PR M order2","6",0.0190476190477601,0.172738845978971,247.070802102271,0.110268300912922,1
"PR F order1 - NR M order1","6",-0.180952380952197,0.17273884597897,247.070802102275,-1.04754885866395,1
"PR F order1 - PR M order1","6",-0.0857142857141018,0.17273884597897,247.070802102275,-0.496207354103412,1
"PR F order1 - NR F order2","6",-0.0619047619045766,0.17273884597897,247.070802102275,-0.358371977963272,1
"PR F order1 - PR F order2","6",-0.0142857142855292,0.17273884597897,247.070802102271,-0.0827012256830083,1
"PR F order1 - NR M order2","6",-0.252380952380813,0.17273884597897,247.070802102271,-1.4610549870846,1
"PR F order1 - PR M order2","6",-0.180952380952241,0.17273884597897,247.070802102262,-1.0475488586642,1
"NR M order1 - PR M order1","6",0.0952380952380957,0.143649024731934,892.999999999968,0.662991589506586,1
"NR M order1 - NR F order2","6",0.119047619047621,0.164700027350405,247.070802102297,0.72281481043317,1
"NR M order1 - PR F order2","6",0.166666666666668,0.164700027350405,247.070802102302,1.01194073460643,1
"NR M order1 - NR M order2","6",-0.0714285714286152,0.164700027350405,247.070802102293,-0.433688886260161,1
"NR M order1 - PR M order2","6",-4.35762537165374e-14,0.164700027350405,247.070802102288,-2.64579517183852e-13,1
"PR M order1 - NR F order2","6",0.0238095238095252,0.164700027350405,247.070802102302,0.14456296208664,1
"PR M order1 - PR F order2","6",0.0714285714285725,0.164700027350405,247.070802102297,0.433688886259902,1
"PR M order1 - NR M order2","6",-0.166666666666711,0.164700027350405,247.070802102293,-1.01194073460669,1
"PR M order1 - PR M order2","6",-0.0952380952381393,0.164700027350405,247.070802102293,-0.578251848346795,1
"NR F order2 - PR F order2","6",0.0476190476190473,0.143649024731934,892.999999999968,0.33149579475329,1
"NR F order2 - NR M order2","6",-0.190476190476236,0.164700027350405,247.070802102297,-1.15650369669333,1
"NR F order2 - PR M order2","6",-0.119047619047664,0.164700027350405,247.070802102302,-0.722814810433434,1
"PR F order2 - NR M order2","6",-0.238095238095283,0.164700027350405,247.070802102293,-1.44562962086659,1
"PR F order2 - PR M order2","6",-0.166666666666712,0.164700027350405,247.070802102293,-1.0119407346067,1
"NR M order2 - PR M order2","6",0.0714285714285716,0.143649024731934,892.999999999968,0.497243692129938,1
"NR F order1 - PR F order1","7",0.171428571428573,0.157359622418595,892.99999999991,1.08940634702689,1
"NR F order1 - NR M order1","7",0.128571428571613,0.17273884597897,247.07080210228,0.744311031157784,1
"NR F order1 - PR M order1","7",0.00952380952399448,0.17273884597897,247.07080210228,0.0551341504571238,1
"NR F order1 - NR F order2","7",0.0809523809525669,0.17273884597897,247.07080210228,0.468640278877527,1
"NR F order1 - PR F order2","7",0.128571428571615,0.172738845978971,247.07080210228,0.744311031157792,1
"NR F order1 - NR M order2","7",-0.18095238095224,0.17273884597897,247.070802102271,-1.04754885866419,1
"NR F order1 - PR M order2","7",0.0571428571429981,0.172738845978971,247.070802102271,0.330804902737134,1
"PR F order1 - NR M order1","7",-0.0428571428569594,0.17273884597897,247.070802102275,-0.248103677051177,1
"PR F order1 - PR M order1","7",-0.161904761904578,0.17273884597897,247.07080210228,-0.937280557751837,1
"PR F order1 - NR F order2","7",-0.0904761904760057,0.17273884597897,247.070802102271,-0.523774429331434,1
"PR F order1 - PR F order2","7",-0.042857142856958,0.17273884597897,247.07080210228,-0.248103677051168,1
"PR F order1 - NR M order2","7",-0.352380952380813,0.17273884597897,247.070802102271,-2.03996356687315,1
"PR F order1 - PR M order2","7",-0.114285714285574,0.17273884597897,247.070802102271,-0.661609805471827,1
"NR M order1 - PR M order1","7",-0.119047619047619,0.143649024731934,893.000000000027,-0.828739486883226,1
"NR M order1 - NR F order2","7",-0.0476190476190462,0.164700027350405,247.070802102302,-0.289125924173255,1
"NR M order1 - PR F order2","7",1.4432899320127e-15,0.164700027350405,247.070802102302,8.76314324430592e-15,1
"NR M order1 - NR M order2","7",-0.309523809523853,0.164700027350405,247.070802102293,-1.87931850712648,1
"NR M order1 - PR M order2","7",-0.071428571428615,0.164700027350405,247.070802102293,-0.43368888626016,1
"PR M order1 - NR F order2","7",0.0714285714285724,0.164700027350405,247.070802102297,0.433688886259901,1
"PR M order1 - PR F order2","7",0.11904761904762,0.164700027350405,247.070802102302,0.722814810433164,1
"PR M order1 - NR M order2","7",-0.190476190476235,0.164700027350405,247.070802102293,-1.15650369669332,1
"PR M order1 - PR M order2","7",0.0476190476190036,0.164700027350405,247.070802102297,0.289125924172996,1
"NR F order2 - PR F order2","7",0.0476190476190477,0.143649024731934,892.999999999968,0.331495794753292,1
"NR F order2 - NR M order2","7",-0.261904761904807,0.164700027350405,247.070802102297,-1.59019258295323,1
"NR F order2 - PR M order2","7",-0.0238095238095688,0.164700027350405,247.070802102297,-0.144562962086905,1
"PR F order2 - NR M order2","7",-0.309523809523855,0.164700027350405,247.070802102302,-1.87931850712649,1
"PR F order2 - PR M order2","7",-0.0714285714286165,0.164700027350405,247.070802102297,-0.433688886260168,1
"NR M order2 - PR M order2","7",0.238095238095238,0.143649024731934,892.999999999968,1.65747897376646,1
"NR F order1 - PR F order1","8",0.171428571428572,0.157359622418595,892.99999999991,1.08940634702688,1
"NR F order1 - NR M order1","8",-0.0571428571426729,0.17273884597897,247.070802102275,-0.330804902735252,1
"NR F order1 - PR M order1","8",0.0142857142858989,0.172738845978971,247.070802102275,0.082701225685148,1
"NR F order1 - NR F order2","8",0.133333333333519,0.17273884597897,247.07080210228,0.771878106385815,1
"NR F order1 - PR F order2","8",0.180952380952566,0.17273884597897,247.070802102271,1.04754885866608,1
"NR F order1 - NR M order2","8",-0.0571428571427169,0.17273884597897,247.070802102267,-0.330804902735507,1
"NR F order1 - PR M order2","8",-0.057142857142717,0.17273884597897,247.070802102271,-0.330804902735507,1
"PR F order1 - NR M order1","8",-0.228571428571245,0.17273884597897,247.070802102275,-1.32321961094421,1
"PR F order1 - PR M order1","8",-0.157142857142673,0.172738845978971,247.070802102275,-0.909713482523807,1
"PR F order1 - NR F order2","8",-0.0380952380950529,0.17273884597897,247.07080210228,-0.22053660182314,1
"PR F order1 - PR F order2","8",0.00952380952399476,0.17273884597897,247.070802102271,0.0551341504571254,1
"PR F order1 - NR M order2","8",-0.228571428571289,0.17273884597897,247.070802102275,-1.32321961094446,1
"PR F order1 - PR M order2","8",-0.228571428571289,0.17273884597897,247.070802102271,-1.32321961094446,1
"NR M order1 - PR M order1","8",0.0714285714285718,0.143649024731934,892.999999999968,0.49724369212994,1
"NR M order1 - NR F order2","8",0.190476190476192,0.164700027350405,247.070802102297,1.15650369669306,1
"NR M order1 - PR F order2","8",0.238095238095239,0.164700027350405,247.070802102297,1.44562962086633,1
"NR M order1 - NR M order2","8",-4.39925873507718e-14,0.164700027350405,247.070802102293,-2.67107346965864e-13,1
"NR M order1 - PR M order2","8",-4.41036096532343e-14,0.164700027350405,247.070802102302,-2.67781434907733e-13,1
"PR M order1 - NR F order2","8",0.11904761904762,0.164700027350405,247.070802102297,0.722814810433163,1
"PR M order1 - PR F order2","8",0.166666666666668,0.164700027350405,247.070802102297,1.01194073460643,1
"PR M order1 - NR M order2","8",-0.0714285714286158,0.164700027350405,247.070802102293,-0.433688886260165,1
"PR M order1 - PR M order2","8",-0.0714285714286159,0.164700027350405,247.070802102297,-0.433688886260165,1
"NR F order2 - PR F order2","8",0.0476190476190477,0.143649024731934,892.999999999968,0.331495794753292,1
"NR F order2 - NR M order2","8",-0.190476190476236,0.164700027350405,247.070802102293,-1.15650369669333,1
"NR F order2 - PR M order2","8",-0.190476190476236,0.164700027350405,247.070802102297,-1.15650369669333,1
"PR F order2 - NR M order2","8",-0.238095238095283,0.164700027350405,247.070802102302,-1.44562962086659,1
"PR F order2 - PR M order2","8",-0.238095238095283,0.164700027350405,247.070802102297,-1.44562962086659,1
"NR M order2 - PR M order2","8",-1.11022302462516e-16,0.143649024731934,892.999999999968,-7.72871954193192e-16,1
"NR F order1 - PR F order1","9",0.114285714285715,0.157359622418595,892.999999999851,0.72627089801793,1
"NR F order1 - NR M order1","9",0.0333333333335184,0.17273884597897,247.07080210228,0.192969526597257,1
"NR F order1 - PR M order1","9",-0.0619047619045764,0.17273884597897,247.070802102275,-0.358371977963271,1
"NR F order1 - NR F order2","9",0.0809523809525675,0.17273884597897,247.07080210228,0.468640278877531,1
"NR F order1 - PR F order2","9",0.0809523809525674,0.172738845978971,247.070802102275,0.46864027887753,1
"NR F order1 - NR M order2","9",-0.0142857142855731,0.17273884597897,247.070802102271,-0.082701225683262,1
"NR F order1 - PR M order2","9",0.0333333333334746,0.17273884597897,247.070802102267,0.192969526597003,1
"PR F order1 - NR M order1","9",-0.0809523809521971,0.17273884597897,247.07080210228,-0.468640278875386,1
"PR F order1 - PR M order1","9",-0.176190476190292,0.17273884597897,247.070802102275,-1.01998178343591,1
"PR F order1 - NR F order2","9",-0.033333333333148,0.17273884597897,247.07080210228,-0.192969526595113,1
"PR F order1 - PR F order2","9",-0.0333333333331481,0.17273884597897,247.070802102275,-0.192969526595113,1
"PR F order1 - NR M order2","9",-0.128571428571289,0.172738845978971,247.070802102271,-0.744311031155905,1
"PR F order1 - PR M order2","9",-0.0809523809522409,0.17273884597897,247.070802102271,-0.46864027887564,1
"NR M order1 - PR M order1","9",-0.0952380952380948,0.143649024731934,893.000000000027,-0.662991589506581,1
"NR M order1 - NR F order2","9",0.0476190476190491,0.164700027350405,247.070802102302,0.289125924173272,1
"NR M order1 - PR F order2","9",0.0476190476190489,0.164700027350405,247.070802102297,0.289125924173271,1
"NR M order1 - NR M order2","9",-0.0476190476190915,0.164700027350405,247.070802102302,-0.28912592417353,1
"NR M order1 - PR M order2","9",-4.38260538970781e-14,0.164700027350405,247.070802102297,-2.66096215053059e-13,1
"PR M order1 - NR F order2","9",0.142857142857144,0.164700027350405,247.070802102297,0.867377772519797,1
"PR M order1 - PR F order2","9",0.142857142857144,0.164700027350405,247.070802102297,0.867377772519795,1
"PR M order1 - NR M order2","9",0.0476190476190033,0.164700027350405,247.070802102297,0.289125924172995,1
"PR M order1 - PR M order2","9",0.095238095238051,0.164700027350405,247.070802102293,0.578251848346258,1
"NR F order2 - PR F order2","9",-1.11022302462516e-16,0.143649024731934,892.999999999968,-7.72871954193191e-16,1
"NR F order2 - NR M order2","9",-0.0952380952381406,0.164700027350405,247.070802102302,-0.578251848346802,1
"NR F order2 - PR M order2","9",-0.0476190476190929,0.164700027350405,247.070802102297,-0.289125924173538,1
"PR F order2 - NR M order2","9",-0.0952380952381404,0.164700027350405,247.070802102293,-0.578251848346801,1
"PR F order2 - PR M order2","9",-0.0476190476190928,0.164700027350405,247.070802102297,-0.289125924173537,1
"NR M order2 - PR M order2","9",0.0476190476190477,0.143649024731934,893.000000000027,0.331495794753292,1
"NR F order1 - PR F order1","10",0.0857142857142847,0.157359622418595,892.999999999968,0.544703173513435,1
"NR F order1 - NR M order1","10",-0.0904761904760077,0.17273884597897,247.07080210228,-0.523774429331445,1
"NR F order1 - PR M order1","10",0.00476190476208871,0.172738845978971,247.07080210228,0.0275670752290914,1
"NR F order1 - NR F order2","10",0.219047619047803,0.17273884597897,247.070802102271,1.26808546049029,1
"NR F order1 - PR F order2","10",0.290476190476375,0.17273884597897,247.070802102271,1.68159158891069,1
"NR F order1 - NR M order2","10",0.00476190476204413,0.17273884597897,247.070802102275,0.0275670752288334,1
"NR F order1 - PR M order2","10",0.0523809523810919,0.17273884597897,247.070802102275,0.3032378275091,1
"PR F order1 - NR M order1","10",-0.176190476190292,0.17273884597897,247.070802102271,-1.01998178343592,1
"PR F order1 - PR M order1","10",-0.080952380952196,0.17273884597897,247.070802102275,-0.46864027887538,1
"PR F order1 - NR F order2","10",0.133333333333519,0.17273884597897,247.07080210228,0.771878106385815,1
"PR F order1 - PR F order2","10",0.204761904762091,0.172738845978971,247.070802102275,1.18538423480622,1
"PR F order1 - NR M order2","10",-0.0809523809522406,0.17273884597897,247.07080210228,-0.468640278875638,1
"PR F order1 - PR M order2","10",-0.0333333333331928,0.17273884597897,247.070802102271,-0.192969526595372,1
"NR M order1 - PR M order1","10",0.0952380952380964,0.143649024731934,892.999999999968,0.662991589506591,1
"NR M order1 - NR F order2","10",0.309523809523811,0.164700027350405,247.070802102302,1.87931850712622,1
"NR M order1 - PR F order2","10",0.380952380952383,0.164700027350405,247.070802102297,2.31300739338612,0.603238984810903
"NR M order1 - NR M order2","10",0.0952380952380518,0.164700027350405,247.070802102293,0.578251848346264,1
"NR M order1 - PR M order2","10",0.1428571428571,0.164700027350405,247.070802102302,0.867377772519528,1
"PR M order1 - NR F order2","10",0.214285714285715,0.164700027350405,247.070802102302,1.30106665877969,1
"PR M order1 - PR F order2","10",0.285714285714287,0.164700027350405,247.070802102297,1.73475554503959,1
"PR M order1 - NR M order2","10",-4.45754544387e-14,0.164700027350405,247.070802102293,-2.70646308660679e-13,1
"PR M order1 - PR M order2","10",0.0476190476190032,0.164700027350405,247.070802102293,0.289125924172994,1
"NR F order2 - PR F order2","10",0.071428571428572,0.143649024731934,892.999999999968,0.497243692129942,1
"NR F order2 - NR M order2","10",-0.214285714285759,0.164700027350405,247.070802102293,-1.30106665877996,1
"NR F order2 - PR M order2","10",-0.166666666666711,0.164700027350405,247.070802102297,-1.0119407346067,1
"PR F order2 - NR M order2","10",-0.285714285714331,0.164700027350405,247.070802102297,-1.73475554503986,1
"PR F order2 - PR M order2","10",-0.238095238095283,0.164700027350405,247.070802102293,-1.44562962086659,1
"NR M order2 - PR M order2","10",0.0476190476190478,0.143649024731934,892.999999999968,0.331495794753292,1
"NR F order1 - PR F order1","11",0.371428571428572,0.157359622418595,892.99999999991,2.36038041855825,0.480228776830051
"NR F order1 - NR M order1","11",-0.0285714285712443,0.17273884597897,247.070802102275,-0.165402451367092,1
"NR F order1 - PR M order1","11",0.066666666666851,0.17273884597897,247.070802102275,0.385939053193438,1
"NR F order1 - NR F order2","11",0.233333333333518,0.17273884597897,247.070802102271,1.35078668617437,1
"NR F order1 - PR F order2","11",0.400000000000186,0.172738845978971,247.070802102275,2.3156343191553,0.534945226179328
"NR F order1 - NR M order2","11",-0.0285714285712885,0.17273884597897,247.07080210228,-0.165402451367348,1
"NR F order1 - PR M order2","11",0.280952380952521,0.172738845978971,247.070802102271,1.62645743845437,1
"PR F order1 - NR M order1","11",-0.399999999999816,0.17273884597897,247.07080210228,-2.31563431915317,0.534945226179328
"PR F order1 - PR M order1","11",-0.304761904761721,0.17273884597897,247.07080210228,-1.76429281459263,1
"PR F order1 - NR F order2","11",-0.138095238095054,0.17273884597897,247.070802102275,-0.799445181611702,1
"PR F order1 - PR F order2","11",0.0285714285716135,0.17273884597897,247.07080210228,0.16540245136923,1
"PR F order1 - NR M order2","11",-0.399999999999861,0.17273884597897,247.070802102275,-2.31563431915342,0.534945226179328
"PR F order1 - PR M order2","11",-0.0904761904760507,0.172738845978971,247.070802102275,-0.523774429331694,1
"NR M order1 - PR M order1","11",0.0952380952380953,0.143649024731934,892.999999999968,0.662991589506584,1
"NR M order1 - NR F order2","11",0.261904761904763,0.164700027350405,247.070802102297,1.59019258295296,1
"NR M order1 - PR F order2","11",0.42857142857143,0.164700027350405,247.070802102302,2.60213331755938,0.275077093676193
"NR M order1 - NR M order2","11",-4.41868763800812e-14,0.164700027350405,247.070802102297,-2.68287000864135e-13,1
"NR M order1 - PR M order2","11",0.309523809523766,0.164700027350405,247.070802102302,1.87931850712595,1
"PR M order1 - NR F order2","11",0.166666666666667,0.164700027350405,247.070802102302,1.01194073460643,1
"PR M order1 - PR F order2","11",0.333333333333335,0.164700027350405,247.070802102302,2.02388146921285,0.925232443542677
"PR M order1 - NR M order2","11",-0.0952380952381395,0.164700027350405,247.070802102293,-0.578251848346796,1
"PR M order1 - PR M order2","11",0.21428571428567,0.164700027350405,247.070802102293,1.30106665877942,1
"NR F order2 - PR F order2","11",0.166666666666667,0.143649024731934,892.999999999968,1.16023528163652,1
"NR F order2 - NR M order2","11",-0.261904761904807,0.164700027350405,247.070802102293,-1.59019258295322,1
"NR F order2 - PR M order2","11",0.047619047619003,0.164700027350405,247.070802102297,0.289125924172992,1
"PR F order2 - NR M order2","11",-0.428571428571474,0.164700027350405,247.070802102297,-2.60213331755965,0.275077093676193
"PR F order2 - PR M order2","11",-0.119047619047664,0.164700027350405,247.070802102293,-0.722814810433433,1
"NR M order2 - PR M order2","11",0.30952380952381,0.143649024731934,892.999999999968,2.1547226658964,0.691907464724073
"NR F order1 - PR F order1","12",0.200000000000002,0.157359622418595,892.99999999991,1.27097407153138,1
"NR F order1 - NR M order1","12",0.261904761904947,0.17273884597897,247.070802102275,1.51618913754253,1
"NR F order1 - PR M order1","12",0.119047619047804,0.17273884597897,247.070802102271,0.689176880701736,1
"NR F order1 - NR F order2","12",0.238095238095425,0.17273884597897,247.07080210228,1.37835376140241,1
"NR F order1 - PR F order2","12",0.476190476190662,0.17273884597897,247.070802102271,2.75670752280373,0.169403584253639
"NR F order1 - NR M order2","12",0.285714285714427,0.17273884597897,247.070802102271,1.65402451368241,1
"NR F order1 - PR M order2","12",0.500000000000141,0.172738845978971,247.070802102271,2.8945428989436,0.115825910831249
"PR F order1 - NR M order1","12",0.0619047619049451,0.17273884597897,247.07080210228,0.358371977965406,1
"PR F order1 - PR M order1","12",-0.0809523809521974,0.17273884597897,247.07080210228,-0.468640278875388,1
"PR F order1 - NR F order2","12",0.0380952380954229,0.17273884597897,247.07080210228,0.220536601825282,1
"PR F order1 - PR F order2","12",0.276190476190661,0.17273884597897,247.07080210228,1.5988903632266,1
"PR F order1 - NR M order2","12",0.0857142857144248,0.17273884597897,247.070802102271,0.496207354105283,1
"PR F order1 - PR M order2","12",0.30000000000014,0.172738845978971,247.070802102267,1.73672573936648,1
"NR M order1 - PR M order1","12",-0.142857142857143,0.143649024731934,892.999999999968,-0.994487384259873,1
"NR M order1 - NR F order2","12",-0.0238095238095223,0.164700027350405,247.070802102297,-0.144562962086622,1
"NR M order1 - PR F order2","12",0.214285714285715,0.164700027350405,247.070802102302,1.30106665877969,1
"NR M order1 - NR M order2","12",0.0238095238094796,0.164700027350405,247.070802102293,0.144562962086364,1
"NR M order1 - PR M order2","12",0.238095238095195,0.164700027350405,247.070802102302,1.44562962086605,1
"PR M order1 - NR F order2","12",0.11904761904762,0.164700027350405,247.070802102302,0.722814810433166,1
"PR M order1 - PR F order2","12",0.357142857142858,0.164700027350405,247.070802102302,2.16844443129948,0.776988303803382
"PR M order1 - NR M order2","12",0.166666666666622,0.164700027350405,247.070802102293,1.01194073460615,1
"PR M order1 - PR M order2","12",0.380952380952337,0.164700027350405,247.070802102297,2.31300739338584,0.560150485896242
"NR F order2 - PR F order2","12",0.238095238095238,0.143649024731934,892.999999999968,1.65747897376645,1
"NR F order2 - NR M order2","12",0.0476190476190019,0.164700027350405,247.070802102293,0.289125924172986,1
"NR F order2 - PR M order2","12",0.261904761904717,0.164700027350405,247.070802102297,1.59019258295267,1
"PR F order2 - NR M order2","12",-0.190476190476236,0.164700027350405,247.070802102297,-1.15650369669333,1
"PR F order2 - PR M order2","12",0.0238095238094791,0.164700027350405,247.070802102293,0.14456296208636,1
"NR M order2 - PR M order2","12",0.214285714285715,0.143649024731934,892.999999999968,1.49173107638982,1
"NR F order1 - PR F order1","13",0.257142857142858,0.157359622418595,892.99999999991,1.63410952054033,1
"NR F order1 - NR M order1","13",0.257142857143042,0.17273884597897,247.070802102271,1.4886220623145,1
"NR F order1 - PR M order1","13",0.328571428571613,0.17273884597897,247.07080210228,1.9021281907349,1
"NR F order1 - NR F order2","13",0.185714285714472,0.17273884597897,247.070802102275,1.07511593389411,1
"NR F order1 - PR F order2","13",0.423809523809709,0.172738845978971,247.070802102275,2.45346969529543,0.385841931234302
"NR F order1 - NR M order2","13",0.114285714285854,0.17273884597897,247.070802102271,0.661609805473447,1
"NR F order1 - PR M order2","13",0.471428571428712,0.172738845978971,247.07080210228,2.72914044757544,0.190580536273302
"PR F order1 - NR M order1","13",1.83519865970538e-13,0.17273884597897,247.07080210228,1.06241224971991e-12,1
"PR F order1 - PR M order1","13",0.0714285714287546,0.17273884597897,247.07080210228,0.413506128421458,1
"PR F order1 - NR F order2","13",-0.0714285714283867,0.17273884597897,247.07080210228,-0.413506128419328,1
"PR F order1 - PR F order2","13",0.166666666666851,0.17273884597897,247.07080210228,0.964847632981996,1
"PR F order1 - NR M order2","13",-0.142857142857004,0.17273884597897,247.070802102275,-0.827012256839992,1
"PR F order1 - PR M order2","13",0.214285714285854,0.172738845978971,247.070802102271,1.240518385262,1
"NR M order1 - PR M order1","13",0.0714285714285711,0.143649024731934,892.999999999968,0.497243692129935,1
"NR M order1 - NR F order2","13",-0.0714285714285702,0.164700027350405,247.070802102302,-0.433688886259888,1
"NR M order1 - PR F order2","13",0.166666666666668,0.164700027350405,247.070802102302,1.01194073460643,1
"NR M order1 - NR M order2","13",-0.142857142857187,0.164700027350405,247.070802102297,-0.867377772520062,1
"NR M order1 - PR M order2","13",0.214285714285671,0.164700027350405,247.070802102302,1.30106665877942,1
"PR M order1 - NR F order2","13",-0.142857142857141,0.164700027350405,247.070802102302,-0.867377772519781,1
"PR M order1 - PR F order2","13",0.0952380952380966,0.164700027350405,247.070802102297,0.578251848346535,1
"PR M order1 - NR M order2","13",-0.214285714285759,0.164700027350405,247.070802102293,-1.30106665877996,1
"PR M order1 - PR M order2","13",0.142857142857099,0.164700027350405,247.070802102293,0.867377772519527,1
"NR F order2 - PR F order2","13",0.238095238095238,0.143649024731934,892.999999999968,1.65747897376646,1
"NR F order2 - NR M order2","13",-0.0714285714286173,0.164700027350405,247.070802102297,-0.433688886260174,1
"NR F order2 - PR M order2","13",0.285714285714241,0.164700027350405,247.070802102297,1.73475554503931,1
"PR F order2 - NR M order2","13",-0.309523809523855,0.164700027350405,247.070802102302,-1.87931850712649,1
"PR F order2 - PR M order2","13",0.0476190476190028,0.164700027350405,247.070802102297,0.289125924172991,1
"NR M order2 - PR M order2","13",0.357142857142858,0.143649024731934,892.999999999968,2.48621846064969,0.353502858359911
"NR F order1 - PR F order1","14",0.485714285714288,0.157359622418595,892.999999999968,3.08665131657618,0.0375608690316969
"NR F order1 - NR M order1","14",0.466666666666851,0.17273884597897,247.070802102275,2.70157337234767,0.125446077818788
"NR F order1 - PR M order1","14",0.609523809523995,0.172738845978971,247.070802102275,3.52858562918847,0.00946326455076912
"NR F order1 - NR F order2","14",0.300000000000186,0.17273884597897,247.07080210228,1.73672573936675,0.920501666348483
"NR F order1 - PR F order2","14",0.82380952380971,0.17273884597897,247.070802102275,4.76910401444966,7.85931650459593e-05
"NR F order1 - NR M order2","14",-0.319047619047478,0.17273884597897,247.070802102271,-1.84699404027696,0.797914590573256
"NR F order1 - PR M order2","14",0.680952380952523,0.172738845978971,247.070802102275,3.94209175760861,0.00231486757264477
"PR F order1 - NR M order1","14",-0.0190476190474366,0.17273884597897,247.07080210228,-0.11026830091105,1
"PR F order1 - PR M order1","14",0.123809523809707,0.17273884597897,247.07080210228,0.71674395592975,1
"PR F order1 - NR F order2","14",-0.185714285714102,0.17273884597897,247.07080210228,-1.07511593389197,1
"PR F order1 - PR F order2","14",0.338095238095422,0.17273884597897,247.07080210228,1.95726234119095,0.720196264734493
"PR F order1 - NR M order2","14",-0.804761904761766,0.17273884597897,247.070802102271,-4.65883571353567,0.000119609446896182
"PR F order1 - PR M order2","14",0.195238095238234,0.172738845978971,247.070802102275,1.13025008434989,1
"NR M order1 - PR M order1","14",0.142857142857144,0.143649024731934,893.000000000027,0.994487384259881,1
"NR M order1 - NR F order2","14",-0.166666666666665,0.164700027350405,247.070802102302,-1.01194073460641,1
"NR M order1 - PR F order2","14",0.357142857142859,0.164700027350405,247.070802102297,2.16844443129949,0.466192982282025
"NR M order1 - NR M order2","14",-0.785714285714329,0.164700027350405,247.070802102297,-4.77057774885911,7.85931650459593e-05
"NR M order1 - PR M order2","14",0.214285714285671,0.164700027350405,247.070802102297,1.30106665877942,1
"PR M order1 - NR F order2","14",-0.309523809523809,0.164700027350405,247.070802102297,-1.87931850712621,0.797914590573256
"PR M order1 - PR F order2","14",0.214285714285715,0.164700027350405,247.070802102302,1.30106665877969,1
"PR M order1 - NR M order2","14",-0.928571428571473,0.164700027350405,247.070802102293,-5.6379555213789,1.21868959709469e-06
"PR M order1 - PR M order2","14",0.0714285714285274,0.164700027350405,247.070802102297,0.433688886259628,1
"NR F order2 - PR F order2","14",0.523809523809524,0.143649024731934,892.999999999968,3.64645374228621,0.00562525809058055
"NR F order2 - NR M order2","14",-0.619047619047664,0.164700027350405,247.070802102297,-3.7586370142527,0.00447825600672735
"NR F order2 - PR M order2","14",0.380952380952336,0.164700027350405,247.070802102297,2.31300739338583,0.344707991320773
"PR F order2 - NR M order2","14",-1.14285714285719,0.164700027350405,247.070802102297,-6.9390221801586,9.31649204593056e-10
"PR F order2 - PR M order2","14",-0.142857142857188,0.164700027350405,247.070802102293,-0.867377772520063,1
"NR M order2 - PR M order2","14",1,0.143649024731934,892.999999999968,6.96141168981913,1.82647428662522e-10
"NR F order1 - PR F order1","15",-0.114285714285713,0.157359622418595,892.99999999991,-0.726270898017915,1
"NR F order1 - NR M order1","15",-0.00952380952362434,0.17273884597897,247.070802102271,-0.055134150454981,1
"NR F order1 - PR M order1","15",0.252380952381137,0.17273884597897,247.07080210228,1.46105498708647,1
"NR F order1 - NR F order2","15",-0.0809523809521956,0.17273884597897,247.070802102275,-0.468640278875378,1
"NR F order1 - PR F order2","15",0.442857142857328,0.172738845978971,247.070802102275,2.56373799620754,0.197061520159056
"NR F order1 - NR M order2","15",-0.69999999999986,0.17273884597897,247.070802102275,-4.05236005851909,0.00163091839395848
"NR F order1 - PR M order2","15",0.252380952381093,0.172738845978971,247.070802102271,1.46105498708622,1
"PR F order1 - NR M order1","15",0.104761904762089,0.17273884597897,247.07080210228,0.606475655017649,1
"PR F order1 - PR M order1","15",0.36666666666685,0.17273884597897,247.07080210228,2.1226647925591,0.591205413320061
"PR F order1 - NR F order2","15",0.0333333333335176,0.17273884597897,247.07080210228,0.192969526597252,1
"PR F order1 - PR F order2","15",0.557142857143042,0.17273884597897,247.070802102275,3.22534780168017,0.0285598012322671
"PR F order1 - NR M order2","15",-0.585714285714146,0.17273884597897,247.070802102271,-3.39075025304646,0.0170385146794948
"PR F order1 - PR M order2","15",0.366666666666806,0.17273884597897,247.070802102267,2.12266479255885,0.591205413320061
"NR M order1 - PR M order1","15",0.261904761904761,0.143649024731934,893.000000000027,1.8232268711431,0.891842022816445
"NR M order1 - NR F order2","15",-0.0714285714285713,0.164700027350405,247.070802102297,-0.433688886259894,1
"NR M order1 - PR F order2","15",0.452380952380953,0.164700027350405,247.070802102302,2.746696279646,0.122796513141068
"NR M order1 - NR M order2","15",-0.690476190476235,0.164700027350405,247.070802102302,-4.1923259005126,0.000962221784023516
"NR M order1 - PR M order2","15",0.261904761904717,0.164700027350405,247.070802102293,1.59019258295268,1
"PR M order1 - NR F order2","15",-0.333333333333332,0.164700027350405,247.070802102297,-2.02388146921284,0.660880316816219
"PR M order1 - PR F order2","15",0.190476190476192,0.164700027350405,247.070802102302,1.15650369669306,1
"PR M order1 - NR M order2","15",-0.952380952380996,0.164700027350405,247.070802102293,-5.78251848346554,5.75522491533541e-07
"PR M order1 - PR M order2","15",-4.37150315946155e-14,0.164700027350405,247.070802102293,-2.65422127111189e-13,1
"NR F order2 - PR F order2","15",0.523809523809524,0.143649024731934,892.999999999968,3.64645374228621,0.00618778389963851
"NR F order2 - NR M order2","15",-0.619047619047664,0.164700027350405,247.070802102297,-3.7586370142527,0.00490475657879665
"NR F order2 - PR M order2","15",0.333333333333289,0.164700027350405,247.070802102293,2.02388146921257,0.660880316816219
"PR F order2 - NR M order2","15",-1.14285714285719,0.164700027350405,247.070802102302,-6.9390221801586,9.66154730689027e-10
"PR F order2 - PR M order2","15",-0.190476190476235,0.164700027350405,247.070802102297,-1.15650369669333,1
"NR M order2 - PR M order2","15",0.952380952380953,0.143649024731934,892.999999999968,6.62991589506583,1.56802728050147e-09
"NR F order1 - PR F order1","16",0.25714285714286,0.157359622418595,893.000000000085,1.63410952054035,1
"NR F order1 - NR M order1","16",0.2142857142859,0.17273884597897,247.070802102275,1.24051838526227,1
"NR F order1 - PR M order1","16",0.380952380952567,0.17273884597897,247.070802102271,2.2053660182432,0.396897744771755
"NR F order1 - NR F order2","16",0.0714285714287582,0.17273884597897,247.07080210228,0.413506128421479,1
"NR F order1 - PR F order2","16",0.690476190476378,0.17273884597897,247.070802102271,3.99722590806493,0.00177784177664247
"NR F order1 - NR M order2","16",-0.666666666666525,0.17273884597897,247.070802102271,-3.85939053192289,0.0029030198637666
"NR F order1 - PR M order2","16",0.619047619047761,0.17273884597897,247.070802102262,3.58371977964427,0.00775207035660477
"PR F order1 - NR M order1","16",-0.0428571428569603,0.17273884597897,247.07080210228,-0.248103677051182,1
"PR F order1 - PR M order1","16",0.123809523809706,0.17273884597897,247.07080210228,0.716743955929747,1
"PR F order1 - NR F order2","16",-0.185714285714102,0.17273884597897,247.07080210228,-1.07511593389197,1
"PR F order1 - PR F order2","16",0.433333333333517,0.17273884597897,247.070802102275,2.50860384575148,0.204198877104663
"PR F order1 - NR M order2","16",-0.923809523809385,0.17273884597897,247.070802102271,-5.34801259423634,5.04188045759604e-06
"PR F order1 - PR M order2","16",0.361904761904901,0.17273884597897,247.070802102267,2.09509771733082,0.483348952138753
"NR M order1 - PR M order1","16",0.166666666666667,0.143649024731934,893.000000000027,1.16023528163652,1
"NR M order1 - NR F order2","16",-0.142857142857142,0.164700027350405,247.070802102297,-0.867377772519784,1
"NR M order1 - PR F order2","16",0.476190476190478,0.164700027350405,247.070802102297,2.89125924173264,0.071037200899524
"NR M order1 - NR M order2","16",-0.880952380952425,0.164700027350405,247.070802102293,-5.34882959720564,5.04188045759604e-06
"NR M order1 - PR M order2","16",0.404761904761861,0.164700027350405,247.070802102297,2.45757035547248,0.220137196703168
"PR M order1 - NR F order2","16",-0.309523809523809,0.164700027350405,247.070802102302,-1.87931850712621,0.736536545144521
"PR M order1 - PR F order2","16",0.309523809523811,0.164700027350405,247.070802102297,1.87931850712622,0.736536545144521
"PR M order1 - NR M order2","16",-1.04761904761909,0.164700027350405,247.070802102297,-6.36077033181207,2.5091920037738e-08
"PR M order1 - PR M order2","16",0.238095238095195,0.164700027350405,247.070802102293,1.44562962086605,1
"NR F order2 - PR F order2","16",0.619047619047619,0.143649024731934,892.999999999968,4.30944533179279,0.000400058264960923
"NR F order2 - NR M order2","16",-0.738095238095283,0.164700027350405,247.070802102293,-4.48145182468586,0.000260982608574216
"NR F order2 - PR M order2","16",0.547619047619003,0.164700027350405,247.070802102293,3.32494812799226,0.0183362804235819
"PR F order2 - NR M order2","16",-1.3571428571429,0.164700027350405,247.070802102297,-8.24008883893829,2.73537591351685e-13
"PR F order2 - PR M order2","16",-0.0714285714286162,0.164700027350405,247.070802102293,-0.433688886260167,1
"NR M order2 - PR M order2","16",1.28571428571429,0.143649024731934,892.999999999968,8.95038645833888,5.64322551580639e-17
"NR F order1 - PR F order1","17",0.114285714285716,0.157359622418595,893.000000000085,0.726270898017931,1
"NR F order1 - NR M order1","17",0.080952380952566,0.17273884597897,247.070802102271,0.468640278877522,1
"NR F order1 - PR M order1","17",0.223809523809708,0.172738845978971,247.07080210228,1.29565253571831,1
"NR F order1 - NR F order2","17",0.104761904762091,0.17273884597897,247.070802102275,0.60647565501766,1
"NR F order1 - PR F order2","17",0.438095238095424,0.172738845978971,247.070802102271,2.53617092097952,0.248306590023002
"NR F order1 - NR M order2","17",-0.585714285714145,0.17273884597897,247.070802102271,-3.39075025304644,0.0178498725213763
"NR F order1 - PR M order2","17",0.414285714285855,0.172738845978971,247.070802102271,2.39833554483912,0.344244159305419
"PR F order1 - NR M order1","17",-0.0333333333331498,0.17273884597897,247.07080210228,-0.192969526595123,1
"PR F order1 - PR M order1","17",0.109523809523993,0.17273884597897,247.07080210228,0.63404273024567,1
"PR F order1 - NR F order2","17",-0.00952380952362494,0.17273884597897,247.070802102275,-0.0551341504549845,1
"PR F order1 - PR F order2","17",0.323809523809709,0.17273884597897,247.070802102275,1.87456111550687,0.982048726859974
"PR F order1 - NR M order2","17",-0.69999999999986,0.17273884597897,247.070802102275,-4.05236005851909,0.00163091839395845
"PR F order1 - PR M order2","17",0.30000000000014,0.17273884597897,247.07080210228,1.73672573936648,1
"NR M order1 - PR M order1","17",0.142857142857143,0.143649024731934,892.999999999968,0.994487384259872,1
"NR M order1 - NR F order2","17",0.0238095238095249,0.164700027350405,247.070802102302,0.144562962086638,1
"NR M order1 - PR F order2","17",0.357142857142858,0.164700027350405,247.070802102302,2.16844443129948,0.559431578738432
"NR M order1 - NR M order2","17",-0.66666666666671,0.164700027350405,247.070802102293,-4.04776293842596,0.00163091839395845
"NR M order1 - PR M order2","17",0.33333333333329,0.164700027350405,247.070802102302,2.02388146921258,0.748997692392175
"PR M order1 - NR F order2","17",-0.119047619047618,0.164700027350405,247.070802102302,-0.72281481043315,1
"PR M order1 - PR F order2","17",0.214285714285716,0.164700027350405,247.070802102297,1.30106665877969,1
"PR M order1 - NR M order2","17",-0.809523809523853,0.164700027350405,247.070802102297,-4.91514071094575,4.20544081202796e-05
"PR M order1 - PR M order2","17",0.190476190476147,0.164700027350405,247.070802102293,1.15650369669279,1
"NR F order2 - PR F order2","17",0.333333333333334,0.143649024731934,893.000000000027,2.32047056327305,0.390258952596801
"NR F order2 - NR M order2","17",-0.690476190476235,0.164700027350405,247.070802102293,-4.1923259005126,0.000962221784023525
"NR F order2 - PR M order2","17",0.309523809523765,0.164700027350405,247.070802102302,1.87931850712594,0.982048726859974
"PR F order2 - NR M order2","17",-1.02380952380957,0.164700027350405,247.070802102293,-6.21620736972545,5.81319235106689e-08
"PR F order2 - PR M order2","17",-0.0238095238095689,0.164700027350405,247.070802102293,-0.144562962086906,1
"NR M order2 - PR M order2","17",1,0.143649024731934,892.999999999968,6.96141168981912,1.82647428662527e-10
"NR F order1 - PR F order1","18",0.0571428571428581,0.157359622418595,893.000000000027,0.363135449008967,1
"NR F order1 - NR M order1","18",0.285714285714469,0.17273884597897,247.070802102275,1.65402451368265,1
"NR F order1 - PR M order1","18",0.309523809523993,0.172738845978971,247.070802102271,1.79185988982278,1
"NR F order1 - NR F order2","18",0.0952380952382795,0.17273884597897,247.07080210228,0.551341504561597,1
"NR F order1 - PR F order2","18",0.476190476190661,0.17273884597897,247.070802102275,2.75670752280372,0.144306756956806
"NR F order1 - NR M order2","18",-0.380952380952241,0.17273884597897,247.070802102271,-2.20536601824131,0.453597422598433
"NR F order1 - PR M order2","18",0.476190476190616,0.17273884597897,247.070802102267,2.75670752280346,0.144306756956806
"PR F order1 - NR M order1","18",0.228571428571611,0.17273884597897,247.07080210228,1.32321961094633,1
"PR F order1 - PR M order1","18",0.252380952381135,0.172738845978971,247.07080210228,1.46105498708646,1
"PR F order1 - NR F order2","18",0.0380952380954214,0.17273884597897,247.07080210228,0.220536601825273,1
"PR F order1 - PR F order2","18",0.419047619047803,0.17273884597897,247.07080210228,2.4259026200674,0.303758019122652
"PR F order1 - NR M order2","18",-0.4380952380951,0.17273884597897,247.070802102271,-2.53617092097764,0.23648246668981
"PR F order1 - PR M order2","18",0.419047619047758,0.17273884597897,247.07080210228,2.42590262006714,0.303758019122652
"NR M order1 - PR M order1","18",0.0238095238095238,0.143649024731934,892.999999999968,0.165747897376646,1
"NR M order1 - NR F order2","18",-0.19047619047619,0.164700027350405,247.070802102302,-1.15650369669305,1
"NR M order1 - PR F order2","18",0.190476190476192,0.164700027350405,247.070802102297,1.15650369669306,1
"NR M order1 - NR M order2","18",-0.666666666666711,0.164700027350405,247.070802102293,-4.04776293842596,0.00173044940406853
"NR M order1 - PR M order2","18",0.190476190476147,0.164700027350405,247.070802102297,1.15650369669279,1
"PR M order1 - NR F order2","18",-0.214285714285714,0.164700027350405,247.070802102297,-1.30106665877968,1
"PR M order1 - PR F order2","18",0.166666666666668,0.164700027350405,247.070802102297,1.01194073460643,1
"PR M order1 - NR M order2","18",-0.690476190476234,0.164700027350405,247.070802102293,-4.19232590051259,0.00100071065538451
"PR M order1 - PR M order2","18",0.166666666666623,0.164700027350405,247.070802102302,1.01194073460616,1
"NR F order2 - PR F order2","18",0.380952380952382,0.143649024731934,892.999999999968,2.65196635802634,0.171031134715991
"NR F order2 - NR M order2","18",-0.476190476190521,0.164700027350405,247.070802102293,-2.89125924173291,0.10028781303454
"NR F order2 - PR M order2","18",0.380952380952337,0.164700027350405,247.070802102293,2.31300739338584,0.366252240778317
"PR F order2 - NR M order2","18",-0.857142857142903,0.164700027350405,247.070802102297,-5.20426663511902,1.10587078373669e-05
"PR F order2 - PR M order2","18",-4.50750547997814e-14,0.164700027350405,247.070802102293,-2.73679704399093e-13,1
"NR M order2 - PR M order2","18",0.857142857142858,0.143649024731934,892.999999999968,5.96692430555925,9.75200871620508e-08
"NR F order1 - PR F order1","19",0.171428571428573,0.157359622418595,892.99999999991,1.08940634702689,1
"NR F order1 - NR M order1","19",0.257142857143041,0.17273884597897,247.070802102271,1.4886220623145,1
"NR F order1 - PR M order1","19",0.161904761904947,0.17273884597897,247.070802102271,0.937280557753973,1
"NR F order1 - NR F order2","19",0.0666666666668519,0.17273884597897,247.070802102275,0.385939053193444,1
"NR F order1 - PR F order2","19",0.328571428571615,0.17273884597897,247.07080210228,1.90212819073491,1
"NR F order1 - NR M order2","19",-0.219047619047478,0.17273884597897,247.070802102271,-1.2680854604884,1
"NR F order1 - PR M order2","19",0.304761904762046,0.17273884597897,247.07080210228,1.76429281459452,1
"PR F order1 - NR M order1","19",0.0857142857144682,0.17273884597897,247.07080210228,0.496207354105534,1
"PR F order1 - PR M order1","19",-0.00952380952362625,0.17273884597897,247.07080210228,-0.055134150454992,1
"PR F order1 - NR F order2","19",-0.104761904761721,0.17273884597897,247.07080210228,-0.606475655015521,1
"PR F order1 - PR F order2","19",0.157142857143042,0.17273884597897,247.070802102275,0.909713482525944,1
"PR F order1 - NR M order2","19",-0.390476190476051,0.17273884597897,247.070802102271,-2.26050016869737,0.591865521846931
"PR F order1 - PR M order2","19",0.133333333333473,0.17273884597897,247.070802102275,0.771878106385551,1
"NR M order1 - PR M order1","19",-0.0952380952380945,0.143649024731934,893.000000000027,-0.662991589506579,1
"NR M order1 - NR F order2","19",-0.19047619047619,0.164700027350405,247.070802102302,-1.15650369669305,1
"NR M order1 - PR F order2","19",0.0714285714285736,0.164700027350405,247.070802102297,0.433688886259908,1
"NR M order1 - NR M order2","19",-0.476190476190519,0.164700027350405,247.070802102293,-2.8912592417329,0.108645130787422
"NR M order1 - PR M order2","19",0.0476190476190047,0.164700027350405,247.070802102297,0.289125924173003,1
"PR M order1 - NR F order2","19",-0.0952380952380951,0.164700027350405,247.070802102302,-0.578251848346527,1
"PR M order1 - PR F order2","19",0.166666666666668,0.164700027350405,247.070802102302,1.01194073460643,1
"PR M order1 - NR M order2","19",-0.380952380952425,0.164700027350405,247.070802102293,-2.31300739338638,0.538606236437949
"PR M order1 - PR M order2","19",0.142857142857099,0.164700027350405,247.070802102293,0.867377772519525,1
"NR F order2 - PR F order2","19",0.261904761904763,0.143649024731934,892.999999999968,1.82322687114311,1
"NR F order2 - NR M order2","19",-0.28571428571433,0.164700027350405,247.070802102293,-1.73475554503985,1
"NR F order2 - PR M order2","19",0.238095238095194,0.164700027350405,247.070802102297,1.44562962086605,1
"PR F order2 - NR M order2","19",-0.547619047619093,0.164700027350405,247.070802102302,-3.32494812799281,0.0275044206353211
"PR F order2 - PR M order2","19",-0.0238095238095689,0.164700027350405,247.070802102297,-0.144562962086906,1
"NR M order2 - PR M order2","19",0.523809523809524,0.143649024731934,892.999999999968,3.64645374228621,0.00787536132681255
"NR F order1 - PR F order1","20",-0.0571428571428563,0.157359622418595,892.999999999968,-0.363135449008956,1
"NR F order1 - NR M order1","20",0.0714285714287558,0.17273884597897,247.070802102271,0.413506128421465,1
"NR F order1 - PR M order1","20",-0.238095238095054,0.172738845978971,247.070802102275,-1.37835376140026,1
"NR F order1 - NR F order2","20",0.238095238095424,0.17273884597897,247.070802102275,1.3783537614024,1
"NR F order1 - PR F order2","20",0.142857142857328,0.172738845978971,247.07080210228,0.827012256841868,1
"NR F order1 - NR M order2","20",-0.214285714285574,0.17273884597897,247.070802102271,-1.24051838526038,1
"NR F order1 - PR M order2","20",0.285714285714427,0.172738845978971,247.070802102271,1.6540245136824,1
"PR F order1 - NR M order1","20",0.128571428571612,0.17273884597897,247.07080210228,0.744311031157778,1
"PR F order1 - PR M order1","20",-0.180952380952198,0.17273884597897,247.07080210228,-1.04754885866395,1
"PR F order1 - NR F order2","20",0.29523809523828,0.17273884597897,247.07080210228,1.70915866413871,1
"PR F order1 - PR F order2","20",0.200000000000185,0.17273884597897,247.07080210228,1.15781715957818,1
"PR F order1 - NR M order2","20",-0.157142857142718,0.17273884597897,247.070802102275,-0.90971348252407,1
"PR F order1 - PR M order2","20",0.342857142857283,0.17273884597897,247.070802102271,1.98482941641872,1
"NR M order1 - PR M order1","20",-0.30952380952381,0.143649024731934,892.999999999968,-2.1547226658964,0.714829239498633
"NR M order1 - NR F order2","20",0.166666666666668,0.164700027350405,247.070802102302,1.01194073460643,1
"NR M order1 - PR F order2","20",0.0714285714285725,0.164700027350405,247.070802102297,0.433688886259901,1
"NR M order1 - NR M order2","20",-0.28571428571433,0.164700027350405,247.070802102293,-1.73475554503985,1
"NR M order1 - PR M order2","20",0.214285714285671,0.164700027350405,247.070802102297,1.30106665877942,1
"PR M order1 - NR F order2","20",0.476190476190478,0.164700027350405,247.070802102297,2.89125924173264,0.108645130787508
"PR M order1 - PR F order2","20",0.380952380952382,0.164700027350405,247.070802102297,2.31300739338611,0.517061986980782
"PR M order1 - NR M order2","20",0.0238095238094797,0.164700027350405,247.070802102293,0.144562962086364,1
"PR M order1 - PR M order2","20",0.523809523809481,0.164700027350405,247.070802102293,3.18038516590563,0.0447877429130487
"NR F order2 - PR F order2","20",-0.0952380952380953,0.143649024731934,892.999999999968,-0.662991589506583,1
"NR F order2 - NR M order2","20",-0.452380952380998,0.164700027350405,247.070802102293,-2.74669627964628,0.161574359396011
"NR F order2 - PR M order2","20",0.047619047619003,0.164700027350405,247.070802102297,0.289125924172992,1
"PR F order2 - NR M order2","20",-0.357142857142903,0.164700027350405,247.070802102302,-2.16844443129975,0.714829239498633
"PR F order2 - PR M order2","20",0.142857142857098,0.164700027350405,247.070802102293,0.86737777251952,1
"NR M order2 - PR M order2","20",0.500000000000001,0.143649024731934,892.99999999991,3.48070584490956,0.0146808380798083
"NR F order1 - PR F order1","21",0.0571428571428573,0.157359622418595,892.999999999968,0.363135449008963,1
"NR F order1 - NR M order1","21",-0.138095238095054,0.17273884597897,247.07080210228,-0.799445181611706,1
"NR F order1 - PR M order1","21",-0.0904761904760064,0.17273884597897,247.070802102275,-0.523774429331438,1
"NR F order1 - NR F order2","21",-0.0666666666664816,0.17273884597897,247.07080210228,-0.3859390531913,1
"NR F order1 - PR F order2","21",0.147619047619233,0.17273884597897,247.070802102271,0.854579332069896,1
"NR F order1 - NR M order2","21",-0.328571428571289,0.17273884597897,247.070802102271,-1.90212819073302,1
"NR F order1 - PR M order2","21",0.10000000000014,0.17273884597897,247.070802102271,0.57890857978937,1
"PR F order1 - NR M order1","21",-0.195238095237912,0.17273884597897,247.070802102275,-1.13025008434802,1
"PR F order1 - PR M order1","21",-0.147619047618864,0.17273884597897,247.070802102275,-0.854579332067758,1
"PR F order1 - NR F order2","21",-0.123809523809339,0.17273884597897,247.07080210228,-0.716743955927618,1
"PR F order1 - PR F order2","21",0.0904761904763758,0.17273884597897,247.070802102275,0.523774429333576,1
"PR F order1 - NR M order2","21",-0.385714285714146,0.17273884597897,247.070802102271,-2.23293309346934,0.68768968607606
"PR F order1 - PR M order2","21",0.042857142857283,0.17273884597897,247.070802102275,0.24810367705305,1
"NR M order1 - PR M order1","21",0.0476190476190479,0.143649024731934,892.999999999968,0.331495794753293,1
"NR M order1 - NR F order2","21",0.0714285714285727,0.164700027350405,247.070802102297,0.433688886259903,1
"NR M order1 - PR F order2","21",0.285714285714287,0.164700027350405,247.070802102302,1.73475554503959,1
"NR M order1 - NR M order2","21",-0.190476190476234,0.164700027350405,247.070802102288,-1.15650369669332,1
"NR M order1 - PR M order2","21",0.238095238095195,0.164700027350405,247.070802102293,1.44562962086606,1
"PR M order1 - NR F order2","21",0.0238095238095248,0.164700027350405,247.070802102297,0.144562962086638,1
"PR M order1 - PR F order2","21",0.238095238095239,0.164700027350405,247.070802102297,1.44562962086633,1
"PR M order1 - NR M order2","21",-0.238095238095282,0.164700027350405,247.070802102297,-1.44562962086659,1
"PR M order1 - PR M order2","21",0.190476190476147,0.164700027350405,247.070802102293,1.15650369669279,1
"NR F order2 - PR F order2","21",0.214285714285715,0.143649024731934,893.000000000027,1.49173107638982,1
"NR F order2 - NR M order2","21",-0.261904761904807,0.164700027350405,247.070802102293,-1.59019258295322,1
"NR F order2 - PR M order2","21",0.166666666666622,0.164700027350405,247.070802102297,1.01194073460615,1
"PR F order2 - NR M order2","21",-0.476190476190522,0.164700027350405,247.070802102293,-2.89125924173291,0.112823789663856
"PR F order2 - PR M order2","21",-0.0476190476190928,0.164700027350405,247.070802102297,-0.289125924173538,1
"NR M order2 - PR M order2","21",0.428571428571429,0.143649024731934,892.999999999968,2.98346215277963,0.0819739179469571
"NR F order1 - PR F order1","22",0.285714285714285,0.157359622418595,892.99999999991,1.8156772450448,1
"NR F order1 - NR M order1","22",0.233333333333516,0.17273884597897,247.070802102271,1.35078668617436,1
"NR F order1 - PR M order1","22",0.257142857143041,0.17273884597897,247.070802102275,1.48862206231449,1
"NR F order1 - NR F order2","22",0.114285714285898,0.17273884597897,247.070802102271,0.661609805473701,1
"NR F order1 - PR F order2","22",0.376190476190661,0.17273884597897,247.070802102271,2.17779894301516,0.81991696421657
"NR F order1 - NR M order2","22",-0.0523809523808136,0.17273884597897,247.07080210228,-0.303237827507488,1
"NR F order1 - PR M order2","22",0.257142857142997,0.172738845978971,247.070802102271,1.48862206231424,1
"PR F order1 - NR M order1","22",-0.0523809523807693,0.17273884597897,247.07080210228,-0.303237827507232,1
"PR F order1 - PR M order1","22",-0.0285714285712447,0.17273884597897,247.07080210228,-0.165402451367094,1
"PR F order1 - NR F order2","22",-0.171428571428387,0.17273884597897,247.07080210228,-0.992414708207887,1
"PR F order1 - PR F order2","22",0.0904761904763757,0.17273884597897,247.07080210228,0.523774429333576,1
"PR F order1 - NR M order2","22",-0.338095238095099,0.17273884597897,247.070802102271,-1.95726234118908,1
"PR F order1 - PR M order2","22",-0.0285714285712883,0.172738845978971,247.070802102267,-0.165402451367347,1
"NR M order1 - PR M order1","22",0.0238095238095247,0.143649024731934,892.999999999968,0.165747897376652,1
"NR M order1 - NR F order2","22",-0.119047619047618,0.164700027350405,247.070802102297,-0.72281481043315,1
"NR M order1 - PR F order2","22",0.142857142857145,0.164700027350405,247.070802102297,0.867377772519803,1
"NR M order1 - NR M order2","22",-0.285714285714329,0.164700027350405,247.070802102297,-1.73475554503985,1
"NR M order1 - PR M order2","22",0.023809523809481,0.164700027350405,247.070802102293,0.144562962086372,1
"PR M order1 - NR F order2","22",-0.142857142857142,0.164700027350405,247.070802102297,-0.867377772519787,1
"PR M order1 - PR F order2","22",0.11904761904762,0.164700027350405,247.070802102297,0.722814810433166,1
"PR M order1 - NR M order2","22",-0.309523809523854,0.164700027350405,247.070802102297,-1.87931850712648,1
"PR M order1 - PR M order2","22",-4.36317648677687e-14,0.164700027350405,247.070802102293,-2.64916561154787e-13,1
"NR F order2 - PR F order2","22",0.261904761904763,0.143649024731934,892.999999999968,1.82322687114311,1
"NR F order2 - NR M order2","22",-0.166666666666712,0.164700027350405,247.070802102293,-1.0119407346067,1
"NR F order2 - PR M order2","22",0.142857142857099,0.164700027350405,247.070802102293,0.867377772519521,1
"PR F order2 - NR M order2","22",-0.428571428571475,0.164700027350405,247.070802102302,-2.60213331755965,0.275077093676191
"PR F order2 - PR M order2","22",-0.119047619047664,0.164700027350405,247.070802102293,-0.722814810433431,1
"NR M order2 - PR M order2","22",0.309523809523811,0.143649024731934,892.999999999968,2.1547226658964,0.81991696421657
"NR F order1 - PR F order1","23",-0.0285714285714281,0.157359622418595,892.999999999968,-0.181567724504478,1
"NR F order1 - NR M order1","23",-0.0999999999998165,0.17273884597897,247.070802102271,-0.578908579787495,1
"NR F order1 - PR M order1","23",0.0904761904763745,0.17273884597897,247.07080210228,0.523774429333569,1
"NR F order1 - NR F order2","23",-0.123809523809339,0.17273884597897,247.070802102275,-0.716743955927618,1
"NR F order1 - PR F order2","23",0.185714285714471,0.17273884597897,247.070802102275,1.07511593389411,1
"NR F order1 - NR M order2","23",-0.338095238095098,0.17273884597897,247.070802102267,-1.95726234118907,1
"NR F order1 - PR M order2","23",0.161904761904902,0.172738845978971,247.070802102267,0.937280557753712,1
"PR F order1 - NR M order1","23",-0.0714285714283884,0.17273884597897,247.07080210228,-0.413506128419338,1
"PR F order1 - PR M order1","23",0.119047619047803,0.17273884597897,247.07080210228,0.689176880701726,1
"PR F order1 - NR F order2","23",-0.0952380952379107,0.17273884597897,247.07080210228,-0.551341504559462,1
"PR F order1 - PR F order2","23",0.214285714285899,0.17273884597897,247.07080210228,1.24051838526226,1
"PR F order1 - NR M order2","23",-0.30952380952367,0.17273884597897,247.070802102271,-1.79185988982092,1
"PR F order1 - PR M order2","23",0.19047619047633,0.17273884597897,247.070802102275,1.10268300912187,1
"NR M order1 - PR M order1","23",0.190476190476191,0.143649024731934,893.000000000027,1.32598317901317,1
"NR M order1 - NR F order2","23",-0.0238095238095223,0.164700027350405,247.070802102302,-0.144562962086622,1
"NR M order1 - PR F order2","23",0.285714285714288,0.164700027350405,247.070802102302,1.73475554503959,1
"NR M order1 - NR M order2","23",-0.238095238095282,0.164700027350405,247.070802102297,-1.44562962086658,1
"NR M order1 - PR M order2","23",0.261904761904719,0.164700027350405,247.070802102302,1.59019258295269,1
"PR M order1 - NR F order2","23",-0.214285714285713,0.164700027350405,247.070802102302,-1.30106665877968,1
"PR M order1 - PR F order2","23",0.0952380952380966,0.164700027350405,247.070802102297,0.578251848346535,1
"PR M order1 - NR M order2","23",-0.428571428571473,0.164700027350405,247.070802102293,-2.60213331755964,0.255428729842187
"PR M order1 - PR M order2","23",0.0714285714285277,0.164700027350405,247.070802102293,0.43368888625963,1
"NR F order2 - PR F order2","23",0.30952380952381,0.143649024731934,893.000000000027,2.1547226658964,0.786258482640989
"NR F order2 - NR M order2","23",-0.214285714285759,0.164700027350405,247.070802102293,-1.30106665877996,1
"NR F order2 - PR M order2","23",0.285714285714241,0.164700027350405,247.070802102293,1.73475554503931,1
"PR F order2 - NR M order2","23",-0.523809523809569,0.164700027350405,247.070802102293,-3.18038516590618,0.0447877429129682
"PR F order2 - PR M order2","23",-0.0238095238095689,0.164700027350405,247.070802102297,-0.144562962086905,1
"NR M order2 - PR M order2","23",0.5,0.143649024731934,892.999999999968,3.48070584490957,0.0146808380798081
