"","contrast","estimate","SE","df","t.ratio","p.value"
"1","NR0 Order1 - NR1 Order1",-2.54545454545455,3.12438896033172,21,-0.814704755961081,0.999999942076111
"2","NR0 Order1 - NR2 Order1",-8.18181818181818,2.95832259394651,21,-2.76569505927457,0.562056076450333
"3","NR0 Order1 - NR3 Order1",-2.18181818181818,3.10120515858839,21,-0.703538808380966,0.999999997629525
"4","NR0 Order1 - NR4 Order1",-3.54545454545455,3.57660584992892,21,-0.99129026071604,0.999996995608142
"5","NR0 Order1 - NR5 Order1",-1.54545454545456,3.46137871299558,21,-0.446485251571064,1
"6","NR0 Order1 - NR6 Order1",0.454545454545451,2.77406350126753,21,0.163855461253053,1
"7","NR0 Order1 - PR0 Order1",-4.27272727272727,5.09693842612312,21,-0.838292895756489,0.999999894533158
"8","NR0 Order1 - PR1 Order1",-10.1818181818182,4.63111209812299,21,-2.19856871656053,0.874372932594328
"9","NR0 Order1 - PR2 Order1",-11.8181818181818,4.23871204316377,21,-2.78815397173353,0.548340256801176
"10","NR0 Order1 - PR3 Order1",-8,4.20724826352545,21,-1.90148037361038,0.962214461342646
"11","NR0 Order1 - PR4 Order1",-6.36363636363638,4.08312551174235,21,-1.55852087949187,0.995802525829013
"12","NR0 Order1 - PR5 Order1",-10.1818181818182,4.16673750431717,21,-2.44359481999257,0.754826617832824
"13","NR0 Order1 - PR6 Order1",-10.7272727272727,4.50869697576334,21,-2.37924011858361,0.789643604598901
"14","NR0 Order1 - NR0 Order2",-6.4469696969697,5.25598774833375,21,-1.22659526727655,0.999869638047115
"15","NR0 Order1 - NR1 Order2",-7.69696969696971,5.2336076384628,21,-1.47068145506422,0.998037802231174
"16","NR0 Order1 - NR2 Order2",-7.44696969696969,5.0018621636199,21,-1.48883944686317,0.997685183304951
"17","NR0 Order1 - NR3 Order2",-2.4469696969697,5.16654897184335,21,-0.473617826968289,1
"18","NR0 Order1 - NR4 Order2",0.303030303030293,4.95633454157196,21,0.0611400018478542,1
"19","NR0 Order1 - NR5 Order2",-6.03030303030305,5.33126579201621,21,-1.13112031280333,0.99996668401359
"20","NR0 Order1 - NR6 Order2",1.13636363636363,5.35663690819961,21,0.212141247547348,1
"21","NR0 Order1 - PR0 Order2",-6.36363636363636,4.82513655813699,21,-1.3188510391286,0.999591433087544
"22","NR0 Order1 - PR1 Order2",-11.1136363636364,5.50974132264635,21,-2.01708859142927,0.935871730389547
"23","NR0 Order1 - PR2 Order2",-23.780303030303,5.57196227840703,21,-4.26785068564778,0.047569099290164
"24","NR0 Order1 - PR3 Order2",-20.8636363636364,5.48435218151115,21,-3.80421163213622,0.116282331541008
"25","NR0 Order1 - PR4 Order2",-21.7803030303031,5.14282408155935,21,-4.2350861481731,0.0507847981403831
"26","NR0 Order1 - PR5 Order2",-23.530303030303,5.46904838003994,21,-4.30244923708852,0.0443807570635114
"27","NR0 Order1 - PR6 Order2",-17.6136363636364,5.71927122064434,21,-3.07969943793853,0.380679415667339
"28","NR1 Order1 - NR2 Order1",-5.63636363636363,2.1928607642451,21,-2.57032444935188,0.681338692200754
"29","NR1 Order1 - NR3 Order1",0.36363636363637,2.18494995291278,21,0.166427777053475,1
"30","NR1 Order1 - NR4 Order1",-1,3.14580735203284,21,-0.317883420087309,1
"31","NR1 Order1 - NR5 Order1",0.999999999999995,3.59573259980396,21,0.278107443266086,1
"32","NR1 Order1 - NR6 Order1",3,3.47013645867811,21,0.864519316667681,0.999999800416202
"33","NR1 Order1 - PR0 Order1",-1.72727272727272,4.41310939887554,21,-0.391395855201964,1
"34","NR1 Order1 - PR1 Order1",-7.63636363636364,4.93922462727372,21,-1.54606526583073,0.996209601327085
"35","NR1 Order1 - PR2 Order1",-9.27272727272727,4.55894462840746,21,-2.03396356581028,0.931210918873597
"36","NR1 Order1 - PR3 Order1",-5.45454545454544,4.55955964466093,21,-1.1962877733012,0.999913619533432
"37","NR1 Order1 - PR4 Order1",-3.81818181818183,3.94801338080198,21,-0.967114710590527,0.999998129407162
"38","NR1 Order1 - PR5 Order1",-7.63636363636363,4.5840926350405,21,-1.66583972976283,0.990593731431655
"39","NR1 Order1 - PR6 Order1",-8.18181818181818,5.37210730791174,21,-1.52301838233359,0.996877021760392
"40","NR1 Order1 - NR0 Order2",-3.90151515151515,5.23156833559393,21,-0.745763966222227,0.999999991372334
"41","NR1 Order1 - NR1 Order2",-5.15151515151515,5.20908331213187,21,-0.98894850453195,0.99999712803611
"42","NR1 Order1 - NR2 Order2",-4.90151515151514,4.97619585056768,21,-0.984992411614181,0.999997339677503
"43","NR1 Order1 - NR3 Order2",0.0984848484848562,5.14170480656077,21,0.0191541234259871,1
"44","NR1 Order1 - NR4 Order2",2.84848484848485,4.93043123137662,21,0.577735438303543,1
"45","NR1 Order1 - NR5 Order2",-3.48484848484849,5.30719275931041,21,-0.656627456904599,0.999999999503706
"46","NR1 Order1 - NR6 Order2",3.68181818181818,5.3326784082336,21,0.690425692300045,0.999999998446832
"47","NR1 Order1 - PR0 Order2",-3.81818181818181,4.79852506964637,21,-0.795699045595108,0.999999964918207
"48","NR1 Order1 - PR1 Order2",-8.56818181818183,5.48645144714061,21,-1.56169828544593,0.995693125313275
"49","NR1 Order1 - PR2 Order2",-21.2348484848485,5.54893356162655,21,-3.82683415633183,0.111526314493357
"50","NR1 Order1 - PR3 Order2",-18.3181818181818,5.46095402747549,21,-3.35439224099274,0.252695943094207
"51","NR1 Order1 - PR4 Order2",-19.2348484848485,5.11786474745292,21,-3.75837374256937,0.126461866413488
"52","NR1 Order1 - PR5 Order2",-20.9848484848485,5.44558447024486,21,-3.8535530207109,0.10612901583861
"53","NR1 Order1 - PR6 Order2",-15.0681818181818,5.69683801197165,21,-2.6450079476574,0.636089811262964
"54","NR2 Order1 - NR3 Order1",6,2.04283141085117,21,2.93709993302875,0.459603140061451
"55","NR2 Order1 - NR4 Order1",4.63636363636363,2.5369950648496,21,1.82750203206977,0.974347178775579
"56","NR2 Order1 - NR5 Order1",6.63636363636362,2.97715844156801,21,2.22909319964455,0.861598637154021
"57","NR2 Order1 - NR6 Order1",8.63636363636363,2.93910941631839,21,2.93842875954641,0.458835824892909
"58","NR2 Order1 - PR0 Order1",3.90909090909091,3.58195680249776,21,1.09132832265454,0.999982276245865
"59","NR2 Order1 - PR1 Order1",-2.00000000000001,3.96011864500796,21,-0.505035373756079,1
"60","NR2 Order1 - PR2 Order1",-3.63636363636364,4.03620633314116,21,-0.900936011745874,0.999999538101777
"61","NR2 Order1 - PR3 Order1",0.181818181818183,3.90279788100961,21,0.0465866251242169,1
"62","NR2 Order1 - PR4 Order1",1.8181818181818,3.91484190538634,21,0.464433012142892,1
"63","NR2 Order1 - PR5 Order1",-2,4.28978282110373,21,-0.466224068538141,1
"64","NR2 Order1 - PR6 Order1",-2.54545454545455,4.61992388544801,21,-0.55097326461856,1
"65","NR2 Order1 - NR0 Order2",1.73484848484848,4.97811660292592,21,0.348494947633169,1
"66","NR2 Order1 - NR1 Order2",0.484848484848473,4.95448146782975,21,0.0978605910621873,1
"67","NR2 Order1 - NR2 Order2",0.734848484848488,4.70901930401062,21,0.156051278919716,1
"68","NR2 Order1 - NR3 Order2",5.73484848484848,4.88359150422594,21,1.17430962026327,0.999936685359176
"69","NR2 Order1 - NR4 Order2",8.48484848484847,4.66063190883721,21,1.82053606695693,0.975318945031713
"70","NR2 Order1 - NR5 Order2",2.15151515151513,5.05753226848969,21,0.425408091792093,1
"71","NR2 Order1 - NR6 Order2",9.31818181818181,5.08426953140552,21,1.83274741054215,0.973596933158016
"72","NR2 Order1 - PR0 Order2",1.81818181818182,4.52086059355543,21,0.402176041608907,1
"73","NR2 Order1 - PR1 Order2",-2.9318181818182,5.24533003195881,21,-0.558938744360257,1
"74","NR2 Order1 - PR2 Order2",-15.5984848484849,5.31064980333699,21,-2.93720833158372,0.459540526888283
"75","NR2 Order1 - PR3 Order2",-12.6818181818182,5.21865466883357,21,-2.43009338356023,0.762296715065498
"76","NR2 Order1 - PR4 Order2",-13.5984848484849,4.8584850761898,21,-2.79891460717407,0.541789073766387
"77","NR2 Order1 - PR5 Order2",-15.3484848484849,5.20256935416624,21,-2.95017400127376,0.452076872017443
"78","NR2 Order1 - PR6 Order2",-9.43181818181819,5.46500695305896,21,-1.72585657490131,0.985970210136569
"79","NR3 Order1 - NR4 Order1",-1.36363636363637,2.23005392218838,21,-0.611481341356185,0.999999999904686
"80","NR3 Order1 - NR5 Order1",0.636363636363625,3.11779012175972,21,0.204107271981622,1
"81","NR3 Order1 - NR6 Order1",2.63636363636363,2.87206437453638,21,0.917933337336565,0.999999328492412
"82","NR3 Order1 - PR0 Order1",-2.09090909090909,3.67147997193375,21,-0.569500339615858,1
"83","NR3 Order1 - PR1 Order1",-8.00000000000001,4.22662487859496,21,-1.89276319280537,0.963824244685418
"84","NR3 Order1 - PR2 Order1",-9.63636363636364,3.29843995737886,21,-2.92149129918414,0.468654861023168
"85","NR3 Order1 - PR3 Order1",-5.81818181818181,3.57634909627887,21,-1.62684952211056,0.992882536682122
"86","NR3 Order1 - PR4 Order1",-4.1818181818182,3.36669647471033,21,-1.24211321490691,0.999840222230829
"87","NR3 Order1 - PR5 Order1",-8,3.55715039087735,21,-2.24899122075826,0.852913132061469
"88","NR3 Order1 - PR6 Order1",-8.54545454545455,4.29859230929524,21,-1.98796581080181,0.94341467355521
"89","NR3 Order1 - NR0 Order2",-4.26515151515152,5.15834127788833,21,-0.826845546926966,0.999999920902001
"90","NR3 Order1 - NR1 Order2",-5.51515151515152,5.13553565287091,21,-1.07391942884641,0.9999867221631
"91","NR3 Order1 - NR2 Order2",-5.26515151515151,4.89915325667451,21,-1.0747064317652,0.999986545345152
"92","NR3 Order1 - NR3 Order2",-0.265151515151514,5.06717927519716,21,-0.0523272417949327,1
"93","NR3 Order1 - NR4 Order2",2.48484848484848,4.85266211645849,21,0.512058829816475,1
"94","NR3 Order1 - NR5 Order2",-3.84848484848486,5.23502363639882,21,-0.73514182853475,0.999999993706043
"95","NR3 Order1 - NR6 Order2",3.31818181818181,5.26085891227073,21,0.63073005254756,0.999999999803741
"96","NR3 Order1 - PR0 Order2",-4.18181818181818,4.71858244955009,21,-0.886244592847352,0.999999668671458
"97","NR3 Order1 - PR1 Order2",-8.9318181818182,5.4166712075784,21,-1.6489496666,0.991647928133891
"98","NR3 Order1 - PR2 Order2",-21.5984848484849,5.47994901075941,21,-3.94136602477105,0.0899784110626392
"99","NR3 Order1 - PR3 Order2",-18.6818181818182,5.39084375393854,21,-3.46547201783937,0.210878671320665
"100","NR3 Order1 - PR4 Order2",-19.5984848484849,5.04298691872177,21,-3.88628508547717,0.099831223611333
"101","NR3 Order1 - PR5 Order2",-21.3484848484849,5.37527373365762,21,-3.97160887171382,0.0849464645505451
"102","NR3 Order1 - PR6 Order2",-15.4318181818182,5.62966613786489,21,-2.74116045319712,0.577089502462808
"103","NR4 Order1 - NR5 Order1",2,3.19270452647316,21,0.626428153127377,0.999999999832604
"104","NR4 Order1 - NR6 Order1",4,2.6755803405486,21,1.49500276234645,0.997554039760377
"105","NR4 Order1 - PR0 Order1",-0.727272727272719,2.95188580479308,21,-0.246375630822785,1
"106","NR4 Order1 - PR1 Order1",-6.63636363636364,3.61422281899357,21,-1.8361799946279,0.973097268594293
"107","NR4 Order1 - PR2 Order1",-8.27272727272727,3.19706202037349,21,-2.58760299925643,0.670957387251505
"108","NR4 Order1 - PR3 Order1",-4.45454545454544,2.44275936815514,21,-1.82357112723292,0.974898971714933
"109","NR4 Order1 - PR4 Order1",-2.81818181818183,2.74969737044233,21,-1.02490617639442,0.999994367247581
"110","NR4 Order1 - PR5 Order1",-6.63636363636363,2.9055940382655,21,-2.28399547526785,0.836970621456174
"111","NR4 Order1 - PR6 Order1",-7.18181818181818,3.57271589025501,21,-2.01018452136298,0.93771695956847
"112","NR4 Order1 - NR0 Order2",-2.90151515151515,4.92818994842305,21,-0.588758790120009,1
"113","NR4 Order1 - NR1 Order2",-4.15151515151515,4.90431421000732,21,-0.846502685950246,0.999999870820141
"114","NR4 Order1 - NR2 Order2",-3.90151515151514,4.65620812045122,21,-0.837916830731581,0.999999895515729
"115","NR4 Order1 - NR3 Order2",1.09848484848486,4.83268840662825,21,0.227303057026858,1
"116","NR4 Order1 - NR4 Order2",3.84848484848485,4.60726611398591,21,0.835307697291959,0.999999902101995
"117","NR4 Order1 - NR5 Order2",-2.48484848484849,5.00839733869286,21,-0.496136451804963,1
"118","NR4 Order1 - NR6 Order2",4.68181818181819,5.03539550813933,21,0.929781617799513,0.999999133829112
"119","NR4 Order1 - PR0 Order2",-2.81818181818181,4.46582486913376,21,-0.631055157953038,0.999999999801383
"120","NR4 Order1 - PR1 Order2",-7.56818181818183,5.19797060395499,21,-1.45598780655347,0.998288993650884
"121","NR4 Order1 - PR2 Order2",-20.2348484848485,5.26387809405712,21,-3.84409519431947,0.108012720828888
"122","NR4 Order1 - PR3 Order2",-17.3181818181818,5.17105093844081,21,-3.34906424716126,0.254846322996545
"123","NR4 Order1 - PR4 Order2",-18.2348484848485,4.80731614219101,21,-3.79314526973,0.118672507151646
"124","NR4 Order1 - PR5 Order2",-19.9848484848485,5.1548170811699,21,-3.87692679879009,0.101597194403296
"125","NR4 Order1 - PR6 Order2",-14.0681818181818,5.41956753370544,21,-2.59581262355138,0.666003526664178
"126","NR5 Order1 - NR6 Order1",2.00000000000001,2.64956638342994,21,0.75484049484767,0.999999988758883
"127","NR5 Order1 - PR0 Order1",-2.72727272727272,4.45897532773731,21,-0.611636648964519,0.999999999904118
"128","NR5 Order1 - PR1 Order1",-8.63636363636363,4.23010347586235,21,-2.04164358759641,0.92901850964599
"129","NR5 Order1 - PR2 Order1",-10.2727272727273,3.8015899033161,21,-2.70221868586258,0.601005336101329
"130","NR5 Order1 - PR3 Order1",-6.45454545454544,3.55196058256005,21,-1.81717823284327,0.975777492325292
"131","NR5 Order1 - PR4 Order1",-4.81818181818183,3.83303388457897,21,-1.25701519038647,0.999806609073263
"132","NR5 Order1 - PR5 Order1",-8.63636363636362,3.63457748340584,21,-2.37616715444756,0.791253330795068
"133","NR5 Order1 - PR6 Order1",-9.18181818181818,4.39330119264286,21,-2.08995873016726,0.914195097797845
"134","NR5 Order1 - NR0 Order2",-4.90151515151514,5.33805661037144,21,-0.918220901215598,0.999999324290127
"135","NR5 Order1 - NR1 Order2",-6.15151515151515,5.31602201634567,21,-1.15716510063361,0.999950677898601
"136","NR5 Order1 - NR2 Order2",-5.90151515151513,5.08803166939319,21,-1.15988176469408,0.999948664165906
"137","NR5 Order1 - NR3 Order2",-0.901515151515139,5.25001613743722,21,-0.171716643894967,1
"138","NR5 Order1 - NR4 Order2",1.84848484848485,5.0432819922026,21,0.366524190267922,1
"139","NR5 Order1 - NR5 Order2",-4.48484848484849,5.41219328091837,21,-0.8286563786738,0.999999917186871
"140","NR5 Order1 - NR6 Order2",2.68181818181819,5.43718678465086,21,0.493236353290077,1
"141","NR5 Order1 - PR0 Order2",-4.81818181818181,4.91440575955687,21,-0.980420025109253,0.9999975664447
"142","NR5 Order1 - PR1 Order2",-9.56818181818182,5.58808469937352,21,-1.71224709948554,0.987147798338925
"143","NR5 Order1 - PR2 Order2",-22.2348484848485,5.64944287491135,21,-3.93575950357714,0.0909400461999026
"144","NR5 Order1 - PR3 Order2",-19.3181818181818,5.56305311998203,21,-3.47258625821718,0.20839408629789
"145","NR5 Order1 - PR4 Order2",-20.2348484848485,5.22667013487196,21,-3.8714607891252,0.102641391296787
"146","NR5 Order1 - PR5 Order2",-21.9848484848485,5.54796641555383,21,-3.96268593537509,0.0864041742007455
"147","NR5 Order1 - PR6 Order2",-16.0681818181818,5.79478252052536,21,-2.7728705540316,0.55766835926124
"148","NR6 Order1 - PR0 Order1",-4.72727272727272,4.03940644250037,21,-1.17028895075648,0.999940251729226
"149","NR6 Order1 - PR1 Order1",-10.6363636363636,3.58495862942038,21,-2.96694180766134,0.442502096640938
"150","NR6 Order1 - PR2 Order1",-12.2727272727273,3.04589602882169,21,-4.02926664488775,0.0760493979681862
"151","NR6 Order1 - PR3 Order1",-8.45454545454545,3.14905831641852,21,-2.68478529294464,0.611713199083567
"152","NR6 Order1 - PR4 Order1",-6.81818181818184,3.70944333130345,21,-1.83806064932821,0.972820569752417
"153","NR6 Order1 - PR5 Order1",-10.6363636363636,4.02869153734594,21,-2.64015339416399,0.639055874412811
"154","NR6 Order1 - PR6 Order1",-11.1818181818182,4.38014329147313,21,-2.55284300940244,0.691772431455622
"155","NR6 Order1 - NR0 Order2",-6.90151515151515,5.36569321442677,21,-1.2862299195487,0.999722238496733
"156","NR6 Order1 - NR1 Order2",-8.15151515151516,5.34377257881426,21,-1.52542329062288,0.996812292543597
"157","NR6 Order1 - NR2 Order2",-7.90151515151514,5.11701881612364,21,-1.54416378665984,0.996268779433783
"158","NR6 Order1 - NR3 Order2",-2.90151515151515,5.27811374822167,21,-0.549725771350181,1
"159","NR6 Order1 - NR4 Order2",-0.151515151515158,5.07252486920374,21,-0.0298697700695437,1
"160","NR6 Order1 - NR5 Order2",-6.4848484848485,5.43945322673458,21,-1.19218756270867,0.999918418533457
"161","NR6 Order1 - NR6 Order2",0.68181818181818,5.46432204642051,21,0.124776353960473,1
"162","NR6 Order1 - PR0 Order2",-6.81818181818182,4.94441091186615,21,-1.37896747250896,0.999206560379729
"163","NR6 Order1 - PR1 Order2",-11.5681818181818,5.61449070737389,21,-2.06041516873268,0.923471103270057
"164","NR6 Order1 - PR2 Order2",-24.2348484848485,5.67556341632282,21,-4.27003395207417,0.0473617294212786
"165","NR6 Order1 - PR3 Order2",-21.3181818181818,5.589577382196,21,-3.81391657374398,0.114220790659447
"166","NR6 Order1 - PR4 Order2",-22.2348484848485,5.25489257688279,21,-4.23126603627705,0.0511726479315117
"167","NR6 Order1 - PR5 Order2",-23.9848484848485,5.57456246210664,21,-4.30255264837136,0.0443715350955165
"168","NR6 Order1 - PR6 Order2",-18.0681818181818,5.82025083273922,21,-3.10436480100606,0.367813723066095
"169","PR0 Order1 - PR1 Order1",-5.90909090909092,3.12174269436526,21,-1.89288211349283,0.963802619880583
"170","PR0 Order1 - PR2 Order1",-7.54545454545455,3.63820750510333,21,-2.07394837564116,0.919304942037984
"171","PR0 Order1 - PR3 Order1",-3.72727272727272,3.79403828204666,21,-0.982402508933589,0.999997470391615
"172","PR0 Order1 - PR4 Order1",-2.09090909090911,3.90350367514703,21,-0.535649320435277,1
"173","PR0 Order1 - PR5 Order1",-5.90909090909091,4.28759196262778,21,-1.37818406242868,0.999213097914345
"174","PR0 Order1 - PR6 Order1",-6.45454545454546,3.90635915825443,21,-1.65231746315659,0.991445633628158
"175","PR0 Order1 - NR0 Order2",-2.17424242424243,4.78404456544124,21,-0.454477878393654,1
"176","PR0 Order1 - NR1 Order2",-3.42424242424243,4.75944577728012,21,-0.719462429972106,0.999999996094361
"177","PR0 Order1 - NR2 Order2",-3.17424242424242,4.503365441239,21,-0.704860057585976,0.999999997527809
"178","PR0 Order1 - NR3 Order2",1.82575757575758,4.68560598769774,21,0.389652390864955,1
"179","PR0 Order1 - NR4 Order2",4.57575757575757,4.4527437924804,21,1.02762651277734,0.99999408211348
"180","PR0 Order1 - NR5 Order2",-1.75757575757577,4.86662821043642,21,-0.361148557394764,1
"181","PR0 Order1 - NR6 Order2",5.4090909090909,4.89440845861679,21,1.10515723295795,0.999977830228033
"182","PR0 Order1 - PR0 Order2",-2.09090909090909,4.30623013762194,21,-0.48555442326261,1
"183","PR0 Order1 - PR1 Order2",-6.84090909090911,5.06151406557071,21,-1.35155390309832,0.999409442082156
"184","PR0 Order1 - PR2 Order2",-19.5075757575758,5.12917525782501,21,-3.80325779038555,0.116486686008457
"185","PR0 Order1 - PR3 Order2",-16.5909090909091,5.03386472249101,21,-3.29585914710459,0.27705229045732
"186","PR0 Order1 - PR4 Order2",-17.5075757575758,4.65943287615136,21,-3.75744778880404,0.126675184548841
"187","PR0 Order1 - PR5 Order2",-19.2575757575758,5.01718699837975,21,-3.83832130709794,0.109177075218492
"188","PR0 Order1 - PR6 Order2",-13.3409090909091,5.28883148613982,21,-2.52246817200944,0.70970829439666
"189","PR1 Order1 - PR2 Order1",-1.63636363636363,3.11066599765552,21,-0.52604928899372,1
"190","PR1 Order1 - PR3 Order1",2.18181818181819,4.29833671829934,21,0.50759592019153,1
"191","PR1 Order1 - PR4 Order1",3.81818181818181,4.9797438303622,21,0.766742617341441,0.999999984201527
"192","PR1 Order1 - PR5 Order1",1.04360964314765e-14,4.8567873989278,21,2.1487653410113e-15,1
"193","PR1 Order1 - PR6 Order1",-0.545454545454541,4.6495017992795,21,-0.117314621867458,1
"194","PR1 Order1 - NR0 Order2",3.73484848484849,5.53223270807371,21,0.67510690202852,0.999999999065173
"195","PR1 Order1 - NR1 Order2",2.48484848484848,5.51097454530705,21,0.450890938511863,1
"196","PR1 Order1 - NR2 Order2",2.7348484848485,5.29139080294571,21,0.516848705131742,1
"197","PR1 Order1 - NR3 Order2",7.7348484848485,5.44733143879658,21,1.41993351639299,0.99879294026408
"198","PR1 Order1 - NR4 Order2",10.4848484848485,5.24837533086435,21,1.99773221689954,0.94095523541774
"199","PR1 Order1 - NR5 Order2",4.15151515151515,5.60380107344723,21,0.740839137061178,0.999999992540227
"200","PR1 Order1 - NR6 Order2",11.3181818181818,5.62794371790731,21,2.01106876427513,0.937482620709118
"201","PR1 Order1 - PR0 Order2",3.81818181818183,5.12465943554459,21,0.745060596944054,0.999999991549019
"202","PR1 Order1 - PR1 Order2",-0.931818181818187,5.77385841254553,21,-0.161385700036135,1
"203","PR1 Order1 - PR2 Order2",-13.5984848484848,5.8332628226094,21,-2.33119700963548,0.814201221381291
"204","PR1 Order1 - PR3 Order2",-10.6818181818182,5.74963567337029,21,-1.85782522382966,0.969784530507487
"205","PR1 Order1 - PR4 Order2",-11.5984848484849,5.42483465734329,21,-2.13803472015219,0.897670979284701
"206","PR1 Order1 - PR5 Order2",-13.3484848484848,5.73503981754822,21,-2.32753132901376,0.816019444061675
"207","PR1 Order1 - PR6 Order2",-7.43181818181818,5.97413213956108,21,-1.24399963177985,0.999836274265537
"208","PR2 Order1 - PR3 Order1",3.81818181818182,3.03268845504794,21,1.25900892055906,0.999801669936429
"209","PR2 Order1 - PR4 Order1",5.45454545454543,3.48573299522079,21,1.56482021486558,0.995583366298084
"210","PR2 Order1 - PR5 Order1",1.63636363636364,3.6210038158494,21,0.451908840637271,1
"211","PR2 Order1 - PR6 Order1",1.09090909090909,3.9927291914719,21,0.273223912415389,1
"212","PR2 Order1 - NR0 Order2",5.37121212121212,5.59980321385782,21,0.959178727552424,0.999998405500187
"213","PR2 Order1 - NR1 Order2",4.12121212121211,5.57880253608909,21,0.738727010779128,0.99999999299421
"214","PR2 Order1 - NR2 Order2",4.37121212121213,5.36199719574249,21,0.815220889090159,0.999999941295766
"215","PR2 Order1 - NR3 Order2",9.37121212121212,5.51594208651192,21,1.69893229012093,0.988223879849014
"216","PR2 Order1 - NR4 Order2",12.1212121212121,5.31955269842092,21,2.27861491527478,0.839474905739862
"217","PR2 Order1 - NR5 Order2",5.78787878787877,5.67051882709335,21,1.02069651197077,0.999994783883821
"218","PR2 Order1 - NR6 Order2",12.9545454545455,5.69437861312226,21,2.27497086770674,0.841160017353698
"219","PR2 Order1 - PR0 Order2",5.45454545454546,5.19753130129757,21,1.04944927473236,0.999991273246087
"220","PR2 Order1 - PR1 Order2",0.70454545454544,5.83863325323441,21,0.12066958549848,1
"221","PR2 Order1 - PR2 Order2",-11.9621212121212,5.89738522188341,21,-2.02837711325579,0.932777640310515
"222","PR2 Order1 - PR3 Order2",-9.04545454545454,5.81468035872515,21,-1.55562369509813,0.995900278230793
"223","PR2 Order1 - PR4 Order2",-9.96212121212124,5.49372627250072,21,-1.81336322888663,0.976290709572702
"224","PR2 Order1 - PR5 Order2",-11.7121212121212,5.80024818490686,21,-2.0192448389705,0.935288120994668
"225","PR2 Order1 - PR6 Order2",-5.79545454545455,6.03675841148115,21,-0.960027576129654,0.999998377867465
"226","PR3 Order1 - PR4 Order1",1.63636363636361,2.64939927946767,21,0.617635721820079,0.999999999879559
"227","PR3 Order1 - PR5 Order1",-2.18181818181818,2.74161691974739,21,-0.795814384607467,0.999999964809466
"228","PR3 Order1 - PR6 Order1",-2.72727272727274,2.93540252052373,21,-0.929096676930748,0.999999146364751
"229","PR3 Order1 - NR0 Order2",1.5530303030303,5.50464282549921,21,0.282130985108821,1
"230","PR3 Order1 - NR1 Order2",0.30303030303029,5.48327770034143,21,0.0552644457550309,1
"231","PR3 Order1 - NR2 Order2",0.553030303030306,5.26253841121733,21,0.105088126644643,1
"232","PR3 Order1 - NR3 Order2",5.5530303030303,5.41930933829589,21,1.0246749089943,0.999994390901022
"233","PR3 Order1 - NR4 Order2",8.30303030303029,5.21928515351143,21,1.59083668717433,0.994576558853704
"234","PR3 Order1 - NR5 Order2",1.96969696969695,5.57656528436704,21,0.353209703330949,1
"235","PR3 Order1 - NR6 Order2",9.13636363636363,5.60082533132142,21,1.63125309144537,0.992649038336318
"236","PR3 Order1 - PR0 Order2",1.63636363636363,5.09486292557077,21,0.321179128912544,1
"237","PR3 Order1 - PR1 Order2",-3.11363636363638,5.74742854398053,21,-0.541744249590958,1
"238","PR3 Order1 - PR2 Order2",-15.780303030303,5.80710332762181,21,-2.71741385334804,0.591669791236661
"239","PR3 Order1 - PR3 Order2",-12.8636363636364,5.72309394266175,21,-2.24767171262851,0.853497692420513
"240","PR3 Order1 - PR4 Order2",-13.7803030303031,5.39669574457855,21,-2.55347043496876,0.691399266739247
"241","PR3 Order1 - PR5 Order2",-15.530303030303,5.70843022282859,21,-2.7205908496868,0.58971818283505
"242","PR3 Order1 - PR6 Order2",-9.61363636363637,5.94859216293872,21,-1.6161195960839,0.99342657872539
"243","PR4 Order1 - PR5 Order1",-3.8181818181818,2.15008946117749,21,-1.77582462828816,0.980916904043071
"244","PR4 Order1 - PR6 Order1",-4.36363636363635,3.59666278773956,21,-1.21324589519798,0.99989099558246
"245","PR4 Order1 - NR0 Order2",-0.0833333333333144,5.13241275173389,21,-0.0162366780234426,1
"246","PR4 Order1 - NR1 Order2",-1.33333333333332,5.10949139904378,21,-0.260952261037733,1
"247","PR4 Order1 - NR2 Order2",-1.08333333333331,4.87184549707588,21,-0.222366110334068,1
"248","PR4 Order1 - NR3 Order2",3.91666666666669,5.04078185621851,21,0.776995866590603,0.999999978943589
"249","PR4 Order1 - NR4 Order2",6.66666666666668,4.82509124592536,21,1.38166644460796,0.999183678598599
"250","PR4 Order1 - NR5 Order2",0.333333333333339,5.20947678645835,21,0.0639859523320681,1
"251","PR4 Order1 - NR6 Order2",7.50000000000002,5.23543812969004,21,1.43254486333583,0.998633390953837
"252","PR4 Order1 - PR0 Order2",2.04281036531029e-14,4.69022347529371,21,4.35546488578002e-15,1
"253","PR4 Order1 - PR1 Order2",-4.74999999999999,5.39198505988313,21,-0.880937158995569,0.999999706750818
"254","PR4 Order1 - PR2 Order2",-17.4166666666667,5.45554920017381,21,-3.19246807747821,0.32399108201119
"255","PR4 Order1 - PR3 Order2",-14.5,5.3660387898684,21,-2.70217949735611,0.601029412382493
"256","PR4 Order1 - PR4 Order2",-15.4166666666667,5.01646219734515,21,-3.07321495910516,0.384103239665166
"257","PR4 Order1 - PR5 Order2",-17.1666666666667,5.35039658593114,21,-3.20848490218582,0.316396148046173
"258","PR4 Order1 - PR6 Order2",-11.25,5.60591801035448,21,-2.00680780190159,0.938606478480971
"259","PR5 Order1 - PR6 Order1",-0.545454545454551,2.86616622486296,21,-0.190308064034434,1
"260","PR5 Order1 - NR0 Order2",3.73484848484848,5.48800737963305,21,0.680547278181359,0.999999998878516
"261","PR5 Order1 - NR1 Order2",2.48484848484847,5.46657723824045,21,0.454552890511849,1
"262","PR5 Order1 - NR2 Order2",2.73484848484849,5.24513516433321,21,0.521406674787982,1
"263","PR5 Order1 - NR3 Order2",7.73484848484849,5.40241113455167,21,1.43174006794475,0.998644081949744
"264","PR5 Order1 - NR4 Order2",10.4848484848485,5.2017371979226,21,2.01564363709796,0.936260870576957
"265","PR5 Order1 - NR5 Order2",4.15151515151514,5.56014502809005,21,0.746655911049358,0.999999991143302
"266","PR5 Order1 - NR6 Order2",11.3181818181818,5.58447640827308,21,2.02672211156888,0.933237262420008
"267","PR5 Order1 - PR0 Order2",3.81818181818182,5.0768849300474,21,0.752071766603181,0.999999989625679
"268","PR5 Order1 - PR1 Order2",-0.931818181818198,5.73149781739024,21,-0.162578476256402,1
"269","PR5 Order1 - PR2 Order2",-13.5984848484849,5.79133675590215,21,-2.34807358329252,0.805726305074449
"270","PR5 Order1 - PR3 Order2",-10.6818181818182,5.707095289122,21,-1.87167335407528,0.967514663391757
"271","PR5 Order1 - PR4 Order2",-11.5984848484849,5.37972650997605,21,-2.1559617997266,0.891058134433354
"272","PR5 Order1 - PR5 Order2",-13.3484848484849,5.69239035656286,21,-2.34497004111729,0.807297465289041
"273","PR5 Order1 - PR6 Order2",-7.43181818181819,5.93320158797617,21,-1.25258143881021,0.999817206543523
"274","PR6 Order1 - NR0 Order2",4.28030303030303,5.75954032519367,21,0.743167473206137,0.999999992007874
"275","PR6 Order1 - NR1 Order2",3.03030303030303,5.73912418930569,21,0.528007920781659,1
"276","PR6 Order1 - NR2 Order2",3.28030303030304,5.52860946809864,21,0.593332382985478,1
"277","PR6 Order1 - NR3 Order2",8.28030303030304,5.67803890664313,21,1.45830332733637,0.998251313966139
"278","PR6 Order1 - NR4 Order2",11.030303030303,5.48745383897458,21,2.01009490994902,0.937740675484884
"279","PR6 Order1 - NR5 Order2",4.69696969696969,5.82831815295114,21,0.805887663251774,0.999999954001146
"280","PR6 Order1 - NR6 Order2",11.8636363636364,5.85153454344959,21,2.02744019975357,0.933038090773647
"281","PR6 Order1 - PR0 Order2",4.36363636363637,5.36924951474297,21,0.812708806259539,0.999999945003776
"282","PR6 Order1 - PR1 Order2",-0.386363636363647,5.99200692501054,21,-0.0644798380908025,1
"283","PR6 Order1 - PR2 Order2",-13.0530303030303,6.04926947481169,21,-2.15778621821714,0.890371519473108
"284","PR6 Order1 - PR3 Order2",-10.1363636363636,5.96866956680831,21,-1.69826181913836,0.988276136508114
"285","PR6 Order1 - PR4 Order2",-11.0530303030303,5.65645976568068,21,-1.95405443703359,0.951414571618477
"286","PR6 Order1 - PR5 Order2",-12.8030303030303,5.95461062791809,21,-2.15010369326309,0.893245838646
"287","PR6 Order1 - PR6 Order2",-6.88636363636364,6.18522116356304,21,-1.11335770447967,0.999974741220662
"288","NR0 Order2 - NR1 Order2",-1.25000000000001,2.99137468579623,21,-0.417868081165261,1
"289","NR0 Order2 - NR2 Order2",-0.999999999999993,2.83237824493243,21,-0.353060189538297,1
"290","NR0 Order2 - NR3 Order2",4,2.96917788554632,21,1.34717425300506,0.999437290058079
"291","NR0 Order2 - NR4 Order2",6.74999999999999,3.42433939448185,21,1.97118311662602,0.947477750050703
"292","NR0 Order2 - NR5 Order2",0.416666666666654,3.31401781003272,21,0.125728553843391,1
"293","NR0 Order2 - NR6 Order2",7.58333333333333,2.65596359475099,21,2.85520981850818,0.507808156910596
"294","NR0 Order2 - PR0 Order2",0.0833333333333348,4.8799470157352,21,0.0170766881412093,1
"295","NR0 Order2 - PR1 Order2",-4.66666666666668,4.43395226180128,21,-1.05248464375006,0.999990798654952
"296","NR0 Order2 - PR2 Order2",-17.3333333333333,4.05825781209825,21,-4.27112670901789,0.0472582555667277
"297","NR0 Order2 - PR3 Order2",-14.4166666666667,4.02813353656005,21,-3.57899422544423,0.173919826636322
"298","NR0 Order2 - PR4 Order2",-15.3333333333334,3.90929504931359,21,-3.92227579139253,0.093290471199844
"299","NR0 Order2 - PR5 Order2",-17.0833333333333,3.98934743753825,21,-4.28223753403518,0.0462181077029343
"300","NR0 Order2 - PR6 Order2",-11.1666666666667,4.31674870525485,21,-2.58682342409075,0.671427117319399
"301","NR1 Order2 - NR2 Order2",0.250000000000016,2.09950433922354,21,0.119075724364768,1
"302","NR1 Order2 - NR3 Order2",5.25000000000001,2.09193031400963,21,2.50964382744531,0.717197621012197
"303","NR1 Order2 - NR4 Order2",8,3.01188123461543,21,2.65614723052699,0.629275082477708
"304","NR1 Order2 - NR5 Order2",1.66666666666666,3.44265186329548,21,0.484122918275926,1
"305","NR1 Order2 - NR6 Order2",8.83333333333334,3.322402713152,21,2.65871843240612,0.627700545046587
"306","NR1 Order2 - PR0 Order2",1.33333333333334,4.22523056797772,21,0.315564632954812,1
"307","NR1 Order2 - PR1 Order2",-3.41666666666667,4.72894754944955,21,-0.722500436077869,0.99999999571132
"308","NR1 Order2 - PR2 Order2",-16.0833333333333,4.36485716999745,21,-3.68473301804346,0.144418197831357
"309","NR1 Order2 - PR3 Order2",-13.1666666666667,4.36544600323023,21,-3.01611030280157,0.414968137007086
"310","NR1 Order2 - PR4 Order2",-14.0833333333334,3.77993503256456,21,-3.72581359520835,0.13415095675377
"311","NR1 Order2 - PR5 Order2",-15.8333333333333,4.38893455325396,21,-3.60755740173762,0.165498789085975
"312","NR1 Order2 - PR6 Order2",-9.91666666666666,5.14340116237063,21,-1.92803678997809,0.956996980319911
"313","NR2 Order2 - NR3 Order2",5,1.95586216932503,21,2.55641735824641,0.689645219396439
"314","NR2 Order2 - NR4 Order2",7.74999999999998,2.42898784733106,21,3.19062938438148,0.324870431953962
"315","NR2 Order2 - NR5 Order2",1.41666666666665,2.85041219604282,21,0.497004141588146,1
"316","NR2 Order2 - NR6 Order2",8.58333333333332,2.81398302784514,21,3.05024346216693,0.39636764637104
"317","NR2 Order2 - PR0 Order2",1.08333333333333,3.42946254152357,21,0.315890119870516,1
"318","NR2 Order2 - PR1 Order2",-3.66666666666669,3.79152494066192,21,-0.967069114419847,0.999998131111548
"319","NR2 Order2 - PR2 Order2",-16.3333333333333,3.86437335584716,21,-4.22664474399697,0.0516455277980806
"320","NR2 Order2 - PR3 Order2",-13.4166666666667,3.7366444873726,21,-3.590565469101,0.170467050097891
"321","NR2 Order2 - PR4 Order2",-14.3333333333334,3.74817576279736,21,-3.82408249783784,0.112095580333043
"322","NR2 Order2 - PR5 Order2",-16.0833333333333,4.10715435931217,21,-3.91593106231022,0.0944150826416765
"323","NR2 Order2 - PR6 Order2",-10.1666666666667,4.42324036369892,21,-2.29846579220598,0.830141279745203
"324","NR3 Order2 - NR4 Order2",2.74999999999999,2.1351140768615,21,1.28798738662355,0.999716265712354
"325","NR3 Order2 - NR5 Order2",-3.58333333333335,2.98505677886769,21,-1.20042384409606,0.999908525738243
"326","NR3 Order2 - NR6 Order2",3.58333333333333,2.74979228740238,21,1.30312873075892,0.999659973019694
"327","NR3 Order2 - PR0 Order2",-3.91666666666667,3.51517445071385,21,-1.11421686791996,0.999974396131094
"328","NR3 Order2 - PR1 Order2",-8.66666666666668,4.04668523308416,21,-2.14167056923808,0.896349518766446
"329","NR3 Order2 - PR2 Order2",-21.3333333333333,3.15801582850118,21,-6.7552965190356,0.000252632505068573
"330","NR3 Order2 - PR3 Order2",-18.4166666666667,3.42409357157727,21,-5.3785523910736,0.00466630836519133
"331","NR3 Order2 - PR4 Order2",-19.3333333333334,3.22336646847537,21,-5.99787009091706,0.0012437597365389
"332","NR3 Order2 - PR5 Order2",-21.0833333333333,3.40571221059203,21,-6.19057983459745,0.000826216165902727
"333","NR3 Order2 - PR6 Order2",-15.1666666666667,4.11558880211218,21,-3.68517541375438,0.144304184076775
"334","NR4 Order2 - NR5 Order2",-6.33333333333334,3.05678186070176,21,-2.07189574590035,0.919945853005699
"335","NR4 Order2 - NR6 Order2",0.833333333333338,2.56167314702116,21,0.325308220645705,1
"336","NR4 Order2 - PR0 Order2",-6.66666666666666,2.82621548851003,21,-2.35886707640304,0.800218596583455
"337","NR4 Order2 - PR1 Order2",-11.4166666666667,3.46035490037598,21,-3.29927622898629,0.275586104087849
"338","NR4 Order2 - PR2 Order2",-24.0833333333333,3.06095384348383,21,-7.86791783371775,2.66190749294015e-05
"339","NR4 Order2 - PR3 Order2",-21.1666666666667,2.33876403679748,21,-9.0503643521262,2.82180374600038e-06
"340","NR4 Order2 - PR4 Order2",-22.0833333333334,2.6326348005878,21,-8.38830107708167,9.72313086577969e-06
"341","NR4 Order2 - PR5 Order2",-23.8333333333333,2.78189449637059,21,-8.56730309665861,6.92486293474293e-06
"342","NR4 Order2 - PR6 Order2",-17.9166666666667,3.42061504164197,21,-5.23784946524304,0.00630082718358937
"343","NR5 Order2 - NR6 Order2",7.16666666666668,2.53676667929575,21,2.8251185752157,0.525904384651377
"344","NR5 Order2 - PR0 Order2",-0.333333333333319,4.2691438515924,21,-0.0780796677087807,1
"345","NR5 Order2 - PR1 Order2",-5.08333333333333,4.05001573640492,21,-1.25513915603836,0.999811157405008
"346","NR5 Order2 - PR2 Order2",-17.75,3.63974522600763,21,-4.87671496157704,0.0135555516239526
"347","NR5 Order2 - PR3 Order2",-14.8333333333333,3.40074334742499,21,-4.36179147260995,0.0393748462843986
"348","NR5 Order2 - PR4 Order2",-15.75,3.66985054604449,21,-4.29172790618844,0.0453466775820021
"349","NR5 Order2 - PR5 Order2",-17.5,3.47984300785357,21,-5.02896250218895,0.00982508919754932
"350","NR5 Order2 - PR6 Order2",-11.5833333333333,4.20626565437453,21,-2.75382828502204,0.569322106815916
"351","NR6 Order2 - PR0 Order2",-7.5,3.86743722729545,21,-1.93926870928034,0.954645132833772
"352","NR6 Order2 - PR1 Order2",-12.25,3.43233657199208,21,-3.5689973121984,0.176948591060107
"353","NR6 Order2 - PR2 Order2",-24.9166666666667,2.91622342540126,21,-8.54415558479996,7.234070515727e-06
"354","NR6 Order2 - PR3 Order2",-22,3.01499379604463,21,-7.29686410262661,8.31744116700506e-05
"355","NR6 Order2 - PR4 Order2",-22.9166666666667,3.5515216000759,21,-6.4526333350125,0.000475380085025567
"356","NR6 Order2 - PR5 Order2",-24.6666666666667,3.85717848664356,21,-6.39500265597798,0.000536615177568089
"357","NR6 Order2 - PR6 Order2",-18.75,4.19366792311345,21,-4.47102640069787,0.0315241664806875
"358","PR0 Order2 - PR1 Order2",-4.75000000000002,2.98884107902561,21,-1.58924475219959,0.994643098639365
"359","PR0 Order2 - PR2 Order2",-17.4166666666667,3.48331848902849,21,-5.00002130770542,0.0104465612377442
"360","PR0 Order2 - PR3 Order2",-14.5,3.63251509909676,21,-3.99172463277729,0.0817410595495262
"361","PR0 Order2 - PR4 Order2",-15.4166666666667,3.73732023381226,21,-4.12505905359384,0.0631221406458973
"362","PR0 Order2 - PR5 Order2",-17.1666666666667,4.10505677201803,21,-4.18183416699194,0.0564462687753465
"363","PR0 Order2 - PR6 Order2",-11.25,3.74005415074502,21,-3.00797783843825,0.419463739025855
"364","PR1 Order2 - PR2 Order2",-12.6666666666667,2.97823594933131,21,-4.25307694963209,0.0489947911086583
"365","PR1 Order2 - PR3 Order2",-9.74999999999998,4.11534409236421,21,-2.36918220716721,0.794893102478332
"366","PR1 Order2 - PR4 Order2",-10.6666666666667,4.76774173287115,21,-2.23725765033065,0.858068571762175
"367","PR1 Order2 - PR5 Order2",-12.4166666666667,4.65001991234287,21,-2.67023946149311,0.620639353969907
"368","PR1 Order2 - PR6 Order2",-6.49999999999999,4.45155906019207,21,-1.46016258845716,0.998220554380572
"369","PR2 Order2 - PR3 Order2",2.91666666666668,2.90357813624259,21,1.00450772454191,0.999996137527251
"370","PR2 Order2 - PR4 Order2",1.99999999999998,3.33733526002507,21,0.599280516990957,1
"371","PR2 Order2 - PR5 Order2",0.250000000000003,3.46684721058335,21,0.0721116290434778,1
"372","PR2 Order2 - PR6 Order2",6.16666666666666,3.82274716184524,21,1.61315054477472,0.993571040366043
"373","PR3 Order2 - PR4 Order2",-0.916666666666701,2.53660668943246,21,-0.361375167260083,1
"374","PR3 Order2 - PR5 Order2",-2.66666666666667,2.62489835804958,21,-1.01591235275416,0.999995223139099
"375","PR3 Order2 - PR6 Order2",3.24999999999999,2.8104339453257,21,1.15640504748577,0.999951228485248
"376","PR4 Order2 - PR5 Order2",-1.74999999999997,2.05855393423255,21,-0.850111318872194,0.999999858904828
"377","PR4 Order2 - PR6 Order2",4.16666666666669,3.44354245044033,21,1.20999427962152,0.999895702182335
"378","PR5 Order2 - PR6 Order2",5.91666666666666,2.74414523901945,21,2.15610550875246,0.891004141065533
